CLOS_YM,JHNT_MBN,JHNT_CTN,JHCR_DE,JHNT_CLOS_DE,FRFT_AFTR_JHNT_REQR_DYCT,JHNT_RQUT_CHNL_SECD,INFO_OTPB_GRAD_CD,MDTN_HOPE_GRD_CD,IDIF_AOFR_YN,EMAIL_RCYN,EMPL_STLE_CD,DSPT_LABR_YN,COMM_WAGE_TYCD,HOPE_WAGE_SM_AMT,AFIV_RDJT_PSBL_YN,HOPE_JSCD1,HOPE_JSCD2,HOPE_JSCD3,HPAR_CD1,HPAR_CD2,HPAR_CD3,CYC1,CARR_MYCT1,CYC2,CARR_MYCT2,CYC3,CARR_MYCT3,ACCR_STCD,ACCR_CD,DRV_PSBL_YN,AGE,SAEIL_CNTC_AGRE_YN,SHRS_IDIF_AOFR_YN,SULC_IDIF_AOFR_YN,IDIF_IQRY_AGRE_YN,DLY_LABR_HOPE_YN,RQAG_HOPE_YN,SHSY_YN,MDTN_HOPE_YN,JHNT_PPOS_CD,SXDS_CD,SMS_RCYN,EMAIL_OTPB_YN,MPNO_OTPB_YN,MAJR_CD1,BFR_WTM6_JHCR_CT,BFR_UEPS_RECP_CT,UEPS_RECP_YN,BFR_EJAP_CT,SFID_WRTN_AFTR_ELPS_DYCT,SFID_IEM_NUM,SFID_LTTR_NUM,BFR_PSIS_ELPS_DYCT,BFR_RLTY_SNSC,BFR_IVTG_SNSC,BFR_ARTY_SNSC,BFR_SCTY_SNSC,BFR_EPTY_SNSC,BFR_CSTP_SNSC,BFR_INTS_CD2,AREA_CD,HPAR_CSCY_SCOR,BFR_OCTR_YN,BFR_OCTR_CT,KECO_CD1,OCTR_HOPE_JSFC_CSCY_SCOR1,OCTR_HOPE_JSFC_CSCY_SCOR2,IPS_IRDS_NMPR,JBHT_NMPR,RCIT_NMPR,JO_DRNG_RATE,AVG_OTIO_MYAV_RMNT_AMT,AVG_HOPE_WAGE_SM_AMT,CRQF_CT,ETL_DT,MAKE_DT,ACQ_180_YN,ACQ_DT,MATCH_L_YN,MATCH_M_YN,MATCH_S_YN,LAST_JSCD,EMPN_DE,LAST_FRFT_DE,TMPL_SEQNO,RESUME_TITLE,BASIC_RESUME_YN,RESUME_ITEM_CLCD,DS_RESUME_ITEM_CLCD,SEQNO,RESUME_ITEM_1_CD,DS_RESUME_ITEM_1_CD,RESUME_ITEM_2_CD,DS_RESUME_ITEM_2_CD,RESUME_ITEM_3_CD,DS_RESUME_ITEM_3_CD,RESUME_ITEM_4_CD,DS_RESUME_ITEM_4_CD,RESUME_ITEM_1_NM,RESUME_ITEM_2_NM,RESUME_ITEM_3_NM,RESUME_ITEM_1_VAL,HIST_STDT,HIST_ENDT,HIST_ITEM_GRDCD,DS_HIST_ITEM_GRDCD,ETC_ITEM_CONT,CAREER_MMCNT,RESUME_ITEM_5_NM,COMP_NM_OPEN_YN,JSCD,SLRY_AMT,EMMD_OCCP_CL_YEAR,SFID_NO,BASS_SFID_YN,SFID_IEM_SN,SFID_SJNM,SFID_IEM_SECD,DS_SFID_IEM_SECD,SFID_IEM_SJNM,SELF_INTRO_CONT,CLOS_YM_training,JHCR_DE_training,CRSE_ID,TGCR_TME,TRNG_CRSN,TRNG_BGDE,TRNG_ENDE,TRNG_JSCD,KECO_CD,SORT_SN,ETL_DT_training,CLOS_YM_license,CRQF_CD,QULF_ITNM,QULF_LCNS_LCFN,ETL_DT_license,SELF_INTRO_CONT_LABEL,ACQ_180_YN_PRED_dag1
2021-09,4535349601592,9979542979276,2023-04-07,903,35,2,1,1,1,1,1,1,0,60,0,764,197,388,30612,56345,39787,64,69,41,73,85,76,0,2,0,71,0,0,0,1,0,0,1,1,0,1,1,0,0,761,60,72,85,67,206,81,63,65,4,85,60,70,93,24,1,48483,1,1,79,4958,2,0,56,87,26,0.182,24,3,75,831,354,1,318,1,1,0,417,536,504,1,0,0,2,7,1,-1,-1,-1,-1,-1,-1,-1,-1,-1,-1,-1,-1,,,-1,-1,-1,-1,-1,-1,-1,-1,-1,1,0,0,0,11,0,7,"저는 항상 팀워크와 책임감을 바탕으로 가치 있는 성장을 추구해왔습니다. 문제 해결 과정에서 동료들과 협력하며 다양한 의견을 존중하고, 이를 통해 최선의 결과를 도출하는 것을 중요하게 생각합니다. 이러한 과정은 저에게 개인적인 성장뿐만 아니라, 팀 전체의 발전에도 기여할 수 있는 기회를 제공합니다. 매사에 책임을 다하며, 긍정적인 변화와 혁신을 이끌어내는 것이 제 가치관의 핵심입니다. 이를 통해 더 나은 미래를 만들어가는 데 기여하고자 합니다.",2021-09,0,9,1,3,384,397,80,44,1,831,2021-09,1,8,2,831,,0.5008523
2021-09,8281071835419,1284495910235,2023-04-21,760,78,1,0,1,1,0,2,0,0,74,1,805,992,685,47597,43820,70448,7,42,73,44,8,0,2,2,1,27,1,1,0,1,1,0,0,0,2,1,1,0,0,623,29,1,48,73,83,67,15,357,64,28,65,97,77,26,1,15905,0,0,35,1459,0,1,18,30,26,0.382,25,12,62,162,609,1,482,1,0,1,466,931,203,1,0,0,1,2,1,0,-1,-1,-1,-1,-1,-1,-1,8,5,18,-1,46.0,250.0,-1,-1,-1,-1,0,-1,-1,-1,-1,1,0,0,0,9,7,9,"입사 후, 저는 팀의 일원으로서 협력과 소통을 통해 시너지를 창출하고 싶습니다. 다양한 문제 해결 경험을 바탕으로, 발생하는 이슈에 대해 적극적으로 접근하며 실질적인 해결책을 제시하겠습니다. 또한, 지속적인 자기 개발을 통해 변화하는 시장에 발맞추고, 회사의 성장에 기여할 수 있는 전문가로 성장하겠습니다. 책임감을 가지고 맡은 바 업무를 수행하며, 동료들과 함께 목표를 달성하는 과정에서 신뢰를 쌓고 긍정적인 조직 문화를 만들어 나가겠습니다.",2021-09,0,5,4,15,788,809,70,49,1,162,2021-09,3,7,7,162,,0.5008523
2020-05,6013284726652,6429150253387,2022-03-15,139,21,1,1,0,0,1,1,0,0,91,0,843,987,239,72971,57030,65191,39,75,80,90,100,90,1,0,0,43,0,0,0,1,1,1,0,1,0,0,0,1,1,663,71,41,52,33,25,5,26,201,56,31,67,94,8,20,0,36923,1,0,76,6613,0,0,23,22,33,0.538,75,12,93,533,149,0,169,0,1,1,494,198,408,1,0,0,11,9,1,13,2,8,5,4,0,2,2,3,11,1,-1,820.0,712.0,-1,-1,6,-1,-1,-1,-1,-1,-1,1,0,0,0,2,8,3,"대학 시절, 동아리 활동을 통해 팀워크와 문제 해결 능력을 키웠습니다. 프로젝트를 진행하며 다양한 의견을 조율하고, 각자의 강점을 살려 역할을 분담했습니다. 특히, 한 번은 중요한 발표를 앞두고 예상치 못한 기술적 문제에 직면했으나, 팀원들과의 긴밀한 협력을 통해 신속하게 해결책을 마련했습니다. 이 과정에서 책임감을 느끼며, 결과적으로 발표는 성공적으로 마무리되었습니다. 이러한 경험은 저에게 공동의 목표를 위해 협력하는 것의 중요성과 문제를 해결하는 능력을 배양하는 데 큰 도움이 되었습니다. 또한, 실패와 성공을 통해 지속적으로 성장할 수 있는 기회를 얻었습니다.",2020-05,0,4,3,7,444,608,72,5,1,533,2020-05,5,3,4,533,,0.46321183
2023-05,3837584689282,3372010033519,2022-10-03,335,63,0,1,1,1,1,2,0,1,54,1,211,453,103,78179,72670,71996,96,59,75,18,95,41,0,1,0,88,0,1,1,1,0,1,1,1,0,0,0,1,0,482,86,34,82,60,203,86,12,227,84,95,38,42,25,73,1,56519,0,1,27,1284,0,2,26,96,75,0.934,98,87,77,685,649,1,859,0,0,0,288,740,202,1,0,0,8,3,1,0,-1,2,-1,-1,-1,-1,-1,14,7,-1,-1,324.0,,-1,-1,5,-1,-1,-1,-1,-1,-1,1,0,0,0,3,11,8,"해외에서의 경험은 저에게 큰 성장의 기회를 제공했습니다. 대학 시절, 6개월간 유럽에서 어학연수를 하며 다양한 문화와 사람들을 만났고, 이 과정에서 팀워크의 중요성을 깊이 깨달았습니다. 여러 국적의 친구들과 함께 프로젝트를 진행하며 서로의 의견을 존중하고 조율하는 법을 익혔습니다. 또한, 현지에서의 일상적인 문제들을 해결하기 위해 적극적으로 나섰고, 이를 통해 책임감을 기를 수 있었습니다. 이러한 경험은 저의 문제 해결 능력을 키워주었고, 다양한 시각에서 접근할 수 있는 능력을 배양하게 했습니다. 결과적으로, 해외 경험은 저의 인생에 긍정적인 영향을 미쳤고, 앞으로의 도전에서도 큰 자산이 될 것입니다.",2023-05,0,2,1,6,1308,1206,98,61,1,685,2023-05,9,6,8,685,,0.5008523
2020-08,9911628240122,4012501560519,2020-09-12,771,63,1,0,1,0,1,1,0,0,92,1,809,802,348,48008,81511,22777,51,6,18,91,83,39,2,0,0,95,0,1,0,0,1,0,1,1,2,0,1,1,1,333,33,100,43,93,254,8,32,230,48,63,99,43,12,83,1,37866,1,1,2,3245,0,2,69,6,88,0.65,56,77,89,1776,1244,1,1732,0,0,1,500,1413,1666,1,0,0,9,6,1,10,6,-1,-1,-1,-1,-1,-1,-1,-1,-1,-1,,,-1,-1,0,-1,-1,-1,-1,-1,-1,1,0,0,0,1,10,2,"학창 시절, 다양한 활동을 통해 팀워크와 문제 해결 능력을 키웠습니다. 특히, 학급 대표로서 여러 프로젝트를 진행하며 친구들과 협력해 목표를 달성하는 기쁨을 느꼈습니다. 이러한 경험은 저에게 책임감을 심어주었고, 어려운 상황에서도 해결책을 찾는 데 집중할 수 있는 힘을 주었습니다. 또한, 동아리 활동을 통해 서로 다른 의견을 존중하고 조율하는 방법을 배우며 성장할 수 있었습니다. 이 모든 경험은 저의 인성과 능력을 발전시키는 데 큰 도움이 되었고, 앞으로의 도전에서도 이러한 배움을 바탕으로 성과를 이루고자 합니다.",2020-08,0,9,1,3,954,1032,81,66,1,1776,2020-08,2,4,6,1776,,0.5008523
2021-03,3226872722299,9608440197432,2024-03-28,47,82,0,0,1,1,1,2,0,1,9,0,864,412,794,91936,38903,79046,79,24,24,93,11,0,0,0,1,20,1,1,1,0,0,1,0,1,2,0,1,1,1,994,0,21,71,87,176,91,18,166,79,91,13,33,66,61,0,18801,1,1,40,3573,1,2,14,37,30,0.105,45,53,22,917,637,1,1053,1,1,0,111,1053,732,1,0,0,5,1,1,0,-1,6,-1,-1,-1,-1,-1,18,2,19,-1,467.0,,-1,-1,-1,-1,-1,-1,-1,-1,-1,1,0,0,0,12,2,2,"다양한 경험을 통해 문제 해결 능력과 팀워크의 중요성을 깊이 이해하게 되었습니다. 대학 시절, 여러 프로젝트에서 팀원으로 참여하며 각자의 의견을 존중하고 조율하는 과정을 통해 협력의 가치를 실감했습니다. 특히, 예기치 않은 문제에 직면했을 때는 팀원들과 함께 brainstorming을 통해 창의적인 해결책을 도출하며 성장했습니다. 또한, 책임감을 가지고 맡은 역할을 수행하며 팀의 목표 달성에 기여한 경험은 저에게 큰 자산이 되었습니다. 앞으로도 끊임없이 배우고 성장하며, 팀과 함께 더 나은 결과를 만들어가는 일에 최선을 다할 것입니다.",2021-03,0,1,4,1,2143,2075,74,85,1,917,2021-03,6,0,0,917,,0.5008523
2022-08,2506578535281,3474000636355,2021-02-05,408,8,1,1,1,1,0,0,1,1,37,1,570,345,517,32132,52929,70757,49,13,21,94,49,38,0,2,1,1,1,0,1,1,0,1,1,1,0,0,1,1,0,368,28,71,44,1,182,56,89,201,45,48,61,1,55,65,0,34359,0,0,52,7856,1,1,70,91,99,0.261,60,35,79,338,120,0,1271,0,1,1,177,73,1329,1,0,0,9,6,1,16,1,-1,-1,-1,-1,-1,-1,-1,-1,-1,-1,,,-1,-1,0,-1,-1,-1,-1,-1,-1,1,0,0,0,7,5,10,"저는 긍정적이고 적극적인 성격을 가지고 있어 팀워크를 중요시하며, 언제나 동료들과의 협력을 통해 문제를 해결하려고 노력합니다. 이러한 태도 덕분에 다양한 상황에서도 원활하게 소통하고 조율할 수 있었습니다. 그러나 가끔은 지나치게 책임감을 느껴 혼자서 모든 일을 해결하려고 하는 경향이 있어, 이로 인해 스트레스를 받을 때가 있습니다. 이를 극복하기 위해 팀원들에게 도움을 요청하고 의견을 나누는 연습을 하고 있습니다. 이러한 과정은 저의 성장뿐만 아니라 팀의 성과에도 긍정적인 영향을 미치고 있습니다. 앞으로도 이러한 장점을 살리고 단점을 보완하여 더욱 발전하는 인재가 되겠습니다.",2022-08,0,5,6,15,958,1070,60,99,1,338,2022-08,6,0,0,338,,0.5008523
2022-10,6299209637495,7087025879100,2021-07-12,376,11,1,1,0,0,0,2,0,1,2,1,846,505,276,96839,70790,14146,56,3,0,61,37,88,2,1,1,90,1,0,1,1,1,0,0,1,1,0,0,0,0,221,80,81,82,3,174,85,52,37,25,49,76,82,52,70,1,59986,1,0,80,8190,0,0,17,70,69,0.821,58,86,43,381,762,0,1449,1,1,0,938,669,144,1,0,0,5,1,1,0,-1,9,-1,-1,-1,-1,-1,18,2,8,-1,509.0,,-1,-1,-1,-1,-1,-1,-1,-1,-1,1,0,0,0,7,5,10,"저는 긍정적이고 적극적인 성격을 가지고 있어 팀워크를 중요시하며, 언제나 동료들과의 협력을 통해 문제를 해결하려고 노력합니다. 이러한 태도 덕분에 다양한 상황에서도 원활하게 소통하고 조율할 수 있었습니다. 그러나 가끔은 지나치게 책임감을 느껴 혼자서 모든 일을 해결하려고 하는 경향이 있어, 이로 인해 스트레스를 받을 때가 있습니다. 이를 극복하기 위해 팀원들에게 도움을 요청하고 의견을 나누는 연습을 하고 있습니다. 이러한 과정은 저의 성장뿐만 아니라 팀의 성과에도 긍정적인 영향을 미치고 있습니다. 앞으로도 이러한 장점을 살리고 단점을 보완하여 더욱 발전하는 인재가 되겠습니다.",2022-10,0,5,3,15,863,950,90,71,1,381,2022-10,2,4,6,381,,0.46321183
2022-03,4599897178289,3828916232444,2021-05-06,313,97,2,0,1,1,1,0,0,0,39,0,647,849,162,19738,16997,83126,20,88,6,4,41,7,2,1,1,3,1,1,1,0,1,1,0,1,1,0,0,0,1,504,93,88,49,6,52,44,57,228,43,51,37,3,55,22,0,64189,1,0,42,5014,1,1,71,97,45,0.422,3,49,13,319,388,1,1373,1,1,0,848,379,37,1,0,0,8,3,1,0,-1,6,-1,-1,-1,-1,-1,16,8,-1,-1,1189.0,,-1,-1,5,-1,-1,-1,-1,-1,-1,1,0,0,0,0,4,0,"저는 가족과의 소중한 유대감을 통해 팀워크와 책임감의 중요성을 배웠습니다. 부모님은 항상 저에게 자신감을 주셨고, 형제자매와 함께 성장하며 서로의 문제를 함께 해결하는 법을 익혔습니다. 이러한 경험은 저의 인생에 큰 영향을 미쳤고, 협력의 가치를 깨닫게 해주었습니다. 가족은 저에게 도전과 어려움을 극복하는 힘을 주었으며, 그 과정에서 저는 더 나은 사람으로 성장할 수 있었습니다. 앞으로도 가족과의 관계를 바탕으로, 다양한 사람들과의 협업에서 긍정적인 영향을 미치며 함께 발전해 나가고 싶습니다.",2022-03,0,1,1,1,552,548,78,38,1,319,2022-03,2,4,6,319,,0.5008523
2022-07,3029086502262,7067002474198,2022-10-06,1,9,2,1,1,1,1,1,1,0,99,0,242,509,585,36020,68843,98823,99,70,65,84,77,21,2,1,1,15,1,0,0,0,0,0,0,1,1,0,0,1,0,237,94,93,12,89,191,2,66,301,76,6,30,69,98,97,1,86480,1,0,28,6429,2,0,6,27,59,0.109,39,11,47,868,593,1,467,0,1,0,916,846,955,1,0,0,4,11,1,0,-1,15,-1,-1,-1,-1,-1,15,0,-1,-1,,,-1,-1,-1,-1,1,-1,-1,-1,-1,1,0,0,0,10,6,4,"저는 항상 팀워크와 문제 해결의 중요성을 강조하며 성장해왔습니다. 어린 시절, 다양한 동아리 활동을 통해 친구들과 협력하여 목표를 달성하는 경험을 쌓았습니다. 특히, 중학교 시절 학교 축제 준비를 하면서 팀원들과의 소통과 역할 분담의 중요성을 깨달았습니다. 이러한 경험은 고등학교와 대학에서도 이어졌고, 프로젝트를 수행할 때마다 책임감을 가지고 임하며 문제를 해결하는 데 집중했습니다. 그 결과, 팀이 목표를 초과 달성하는 성과를 이루었고, 이는 저의 성장에 큰 밑거름이 되었습니다. 이러한 경험을 바탕으로 앞으로도 끊임없이 배우고 성장하며, 팀과 함께 더 나은 결과를 만들어 나가고 싶습니다.",2022-07,0,14,3,0,1401,1235,52,25,1,868,2022-07,4,5,8,868,,0.5008523
2023-08,8541683056427,3468939975253,2021-03-08,612,89,2,0,0,0,0,2,0,0,19,1,103,770,975,30328,40225,41772,22,7,73,64,22,21,2,2,1,84,0,0,1,1,0,0,1,0,0,0,1,0,1,503,79,24,94,7,74,26,87,229,85,11,15,15,51,49,0,82576,0,0,64,8237,2,1,85,46,85,0.598,61,52,19,0,1482,0,27,0,0,1,837,427,634,1,0,0,8,3,1,0,-1,9,-1,-1,-1,-1,-1,14,1,-1,-1,514.0,,-1,-1,5,-1,-1,-1,-1,-1,-1,1,0,0,0,10,6,4,"저는 항상 팀워크와 문제 해결의 중요성을 강조하며 성장해왔습니다. 어린 시절, 다양한 동아리 활동을 통해 친구들과 협력하여 목표를 달성하는 경험을 쌓았습니다. 특히, 중학교 시절 학교 축제 준비를 하면서 팀원들과의 소통과 역할 분담의 중요성을 깨달았습니다. 이러한 경험은 고등학교와 대학에서도 이어졌고, 프로젝트를 수행할 때마다 책임감을 가지고 임하며 문제를 해결하는 데 집중했습니다. 그 결과, 팀이 목표를 초과 달성하는 성과를 이루었고, 이는 저의 성장에 큰 밑거름이 되었습니다. 이러한 경험을 바탕으로 앞으로도 끊임없이 배우고 성장하며, 팀과 함께 더 나은 결과를 만들어 나가고 싶습니다.",2023-08,0,3,7,12,462,574,10,68,1,0,2023-08,3,7,7,0,,0.46321183
2023-11,6439596597997,8107155036682,2021-02-15,573,2,2,0,1,0,1,0,0,1,5,0,554,879,792,92553,15339,36194,84,18,59,62,10,96,1,1,0,61,0,1,1,1,1,1,0,0,1,0,1,0,1,910,33,30,47,21,266,35,34,3,96,97,60,76,46,92,1,58578,0,0,53,9606,0,2,9,50,66,0.938,22,40,15,1040,291,0,1191,0,1,0,606,1338,1320,1,0,0,7,10,1,0,-1,14,12,-1,-1,-1,-1,25,28,16,-1,1696.0,1780.0,-1,-1,1,-1,-1,-1,-1,-1,-1,1,0,0,0,8,9,6,"저는 항상 팀워크와 문제 해결을 통해 성장하는 것을 중요하게 생각해왔습니다. 이 과정에서 다양한 경험을 쌓으며 책임감을 기르게 되었고, 이를 통해 더욱 효과적으로 목표를 달성할 수 있었습니다. 지원하게 된 이유는 귀사의 비전과 가치가 저의 신념과 일치하기 때문입니다. 특히, 협업을 통해 혁신적인 해결책을 모색하고, 지속적으로 발전하는 환경에서 제 역량을 발휘하고 싶습니다. 함께 일하며 더 나은 결과를 만들어가는 과정에 기여하고 싶습니다.",2023-11,0,2,3,6,251,311,96,45,1,1040,2023-11,7,9,3,1040,,0.5008523
2023-04,7067486508062,2292590570921,2020-01-14,1218,62,1,0,0,1,0,0,1,1,89,0,973,563,445,21094,42413,18051,100,42,40,42,30,39,1,2,1,35,1,0,0,0,1,0,0,0,0,0,1,1,0,441,15,47,38,73,42,60,19,38,84,87,15,45,74,72,0,70046,1,1,32,1489,1,1,73,32,50,0.805,34,39,0,219,520,0,16,1,0,0,795,128,1312,1,0,0,3,8,1,0,-1,-1,-1,-1,-1,-1,-1,13,27,2,-1,456.0,326.0,-1,-1,4,-1,-1,-1,-1,-1,-1,1,0,0,0,10,6,4,"저는 항상 팀워크와 문제 해결의 중요성을 강조하며 성장해왔습니다. 어린 시절, 다양한 동아리 활동을 통해 친구들과 협력하여 목표를 달성하는 경험을 쌓았습니다. 특히, 중학교 시절 학교 축제 준비를 하면서 팀원들과의 소통과 역할 분담의 중요성을 깨달았습니다. 이러한 경험은 고등학교와 대학에서도 이어졌고, 프로젝트를 수행할 때마다 책임감을 가지고 임하며 문제를 해결하는 데 집중했습니다. 그 결과, 팀이 목표를 초과 달성하는 성과를 이루었고, 이는 저의 성장에 큰 밑거름이 되었습니다. 이러한 경험을 바탕으로 앞으로도 끊임없이 배우고 성장하며, 팀과 함께 더 나은 결과를 만들어 나가고 싶습니다.",2023-04,0,15,4,14,1351,1374,47,91,1,219,2023-04,7,9,3,219,,0.46321183
2020-05,9833062517101,5847574868830,2023-10-21,1070,98,2,1,1,1,1,2,1,1,48,0,397,688,742,37303,69144,93405,59,78,50,20,25,80,0,1,0,60,0,0,0,0,0,0,1,0,2,0,1,1,1,797,83,41,9,47,334,38,84,18,97,19,39,68,34,56,0,94071,0,1,0,1070,1,1,23,26,0,0.499,30,24,36,108,336,1,185,0,0,0,706,1062,581,1,0,0,8,3,1,0,-1,2,-1,-1,-1,-1,-1,16,1,-1,-1,1972.0,,-1,-1,5,-1,-1,-1,-1,-1,-1,1,0,0,0,10,6,4,"저는 항상 팀워크와 문제 해결의 중요성을 강조하며 성장해왔습니다. 어린 시절, 다양한 동아리 활동을 통해 친구들과 협력하여 목표를 달성하는 경험을 쌓았습니다. 특히, 중학교 시절 학교 축제 준비를 하면서 팀원들과의 소통과 역할 분담의 중요성을 깨달았습니다. 이러한 경험은 고등학교와 대학에서도 이어졌고, 프로젝트를 수행할 때마다 책임감을 가지고 임하며 문제를 해결하는 데 집중했습니다. 그 결과, 팀이 목표를 초과 달성하는 성과를 이루었고, 이는 저의 성장에 큰 밑거름이 되었습니다. 이러한 경험을 바탕으로 앞으로도 끊임없이 배우고 성장하며, 팀과 함께 더 나은 결과를 만들어 나가고 싶습니다.",2020-05,0,15,5,14,1615,1450,67,31,1,108,2020-05,6,0,0,108,,0.5008523
2025-05,4670783374970,2226178919998,2022-04-12,455,24,0,0,1,1,1,1,0,1,1,1,374,537,442,16707,89259,81348,83,32,76,64,59,96,2,1,1,51,0,1,0,1,0,1,1,0,1,0,0,1,0,678,65,3,74,58,79,39,41,341,96,64,26,72,96,57,0,60021,1,0,45,6499,1,0,65,68,82,0.188,79,88,80,485,717,0,76,0,0,0,806,451,832,1,0,0,11,9,1,13,2,5,8,5,3,1,0,0,11,20,-1,1981.0,1660.0,-1,-1,6,-1,-1,-1,-1,-1,-1,1,0,0,0,11,0,7,"저는 항상 팀워크와 책임감을 바탕으로 가치 있는 성장을 추구해왔습니다. 문제 해결 과정에서 동료들과 협력하며 다양한 의견을 존중하고, 이를 통해 최선의 결과를 도출하는 것을 중요하게 생각합니다. 이러한 과정은 저에게 개인적인 성장뿐만 아니라, 팀 전체의 발전에도 기여할 수 있는 기회를 제공합니다. 매사에 책임을 다하며, 긍정적인 변화와 혁신을 이끌어내는 것이 제 가치관의 핵심입니다. 이를 통해 더 나은 미래를 만들어가는 데 기여하고자 합니다.",2025-05,0,7,6,5,726,675,37,80,1,485,2025-05,9,6,8,485,,0.5008523
2025-06,7418294557610,1901091971474,2021-03-01,448,87,1,0,0,1,0,0,1,0,37,1,632,364,577,95408,46938,49694,96,32,68,74,21,55,0,2,0,39,1,0,0,0,0,0,0,1,0,1,0,0,0,271,52,21,94,33,301,56,83,238,28,0,44,88,97,18,0,65447,0,0,26,1038,1,1,49,24,90,0.693,40,51,41,644,479,0,1354,1,1,1,235,1642,1169,1,0,0,10,4,1,8,17,11,2,-1,-1,-1,-1,-1,-1,-1,1,966.0,,2,2,-1,-1,-1,-1,-1,-1,-1,1,0,0,0,8,9,6,"저는 항상 팀워크와 문제 해결을 통해 성장하는 것을 중요하게 생각해왔습니다. 이 과정에서 다양한 경험을 쌓으며 책임감을 기르게 되었고, 이를 통해 더욱 효과적으로 목표를 달성할 수 있었습니다. 지원하게 된 이유는 귀사의 비전과 가치가 저의 신념과 일치하기 때문입니다. 특히, 협업을 통해 혁신적인 해결책을 모색하고, 지속적으로 발전하는 환경에서 제 역량을 발휘하고 싶습니다. 함께 일하며 더 나은 결과를 만들어가는 과정에 기여하고 싶습니다.",2025-06,0,8,1,10,231,258,27,9,1,644,2025-06,9,6,8,644,,0.46321183
2025-06,5938814331853,5279298236876,2021-12-02,1013,40,1,1,0,1,0,2,1,0,82,0,970,882,105,31976,56053,16059,19,27,93,95,78,12,2,1,1,73,0,0,1,0,1,1,0,0,1,1,0,1,1,702,12,95,90,16,210,14,59,51,42,9,42,18,6,96,1,50510,1,1,67,5128,2,2,80,95,0,0.116,4,29,81,317,1046,1,667,0,0,0,857,135,723,1,0,0,5,1,1,0,-1,9,-1,-1,-1,-1,-1,18,4,19,-1,1882.0,,-1,-1,-1,-1,-1,-1,-1,-1,-1,1,0,0,0,10,6,4,"저는 항상 팀워크와 문제 해결의 중요성을 강조하며 성장해왔습니다. 어린 시절, 다양한 동아리 활동을 통해 친구들과 협력하여 목표를 달성하는 경험을 쌓았습니다. 특히, 중학교 시절 학교 축제 준비를 하면서 팀원들과의 소통과 역할 분담의 중요성을 깨달았습니다. 이러한 경험은 고등학교와 대학에서도 이어졌고, 프로젝트를 수행할 때마다 책임감을 가지고 임하며 문제를 해결하는 데 집중했습니다. 그 결과, 팀이 목표를 초과 달성하는 성과를 이루었고, 이는 저의 성장에 큰 밑거름이 되었습니다. 이러한 경험을 바탕으로 앞으로도 끊임없이 배우고 성장하며, 팀과 함께 더 나은 결과를 만들어 나가고 싶습니다.",2025-06,0,7,5,5,1083,935,36,11,1,317,2025-06,1,8,2,317,,0.46321183
2024-11,5746183471714,9253624228803,2022-09-28,448,1,0,0,0,0,0,1,1,0,78,1,395,372,353,22590,61050,54485,93,31,79,38,82,32,0,1,1,52,1,0,0,1,0,1,0,0,2,1,1,1,0,712,93,56,98,47,278,38,18,309,60,88,99,84,39,88,0,41586,1,0,83,7086,2,2,54,38,86,0.996,6,54,61,740,714,1,583,1,0,0,813,992,890,1,0,0,11,9,1,6,3,0,9,2,5,1,0,0,24,12,-1,637.0,996.0,-1,-1,6,-1,-1,-1,-1,-1,-1,1,0,0,0,8,9,6,"저는 항상 팀워크와 문제 해결을 통해 성장하는 것을 중요하게 생각해왔습니다. 이 과정에서 다양한 경험을 쌓으며 책임감을 기르게 되었고, 이를 통해 더욱 효과적으로 목표를 달성할 수 있었습니다. 지원하게 된 이유는 귀사의 비전과 가치가 저의 신념과 일치하기 때문입니다. 특히, 협업을 통해 혁신적인 해결책을 모색하고, 지속적으로 발전하는 환경에서 제 역량을 발휘하고 싶습니다. 함께 일하며 더 나은 결과를 만들어가는 과정에 기여하고 싶습니다.",2024-11,0,11,2,13,34,6,46,75,1,740,2024-11,0,2,5,740,,0.46321183
2022-08,4481122855444,2673545598890,2022-02-20,1082,75,2,1,0,1,0,1,1,0,98,1,200,269,944,91012,94459,22224,88,30,58,12,7,9,0,2,1,34,1,1,1,1,1,1,1,0,1,0,1,1,0,167,81,34,78,43,242,35,100,170,54,90,64,12,0,74,0,43853,0,0,3,1379,0,0,90,49,35,0.444,75,52,80,1091,545,0,1041,1,0,1,356,1155,237,1,0,0,11,9,1,12,12,3,11,1,4,1,0,2,19,20,-1,978.0,1053.0,-1,-1,6,-1,-1,-1,-1,-1,-1,1,0,0,0,1,10,2,"학창 시절, 다양한 활동을 통해 팀워크와 문제 해결 능력을 키웠습니다. 특히, 학급 대표로서 여러 프로젝트를 진행하며 친구들과 협력해 목표를 달성하는 기쁨을 느꼈습니다. 이러한 경험은 저에게 책임감을 심어주었고, 어려운 상황에서도 해결책을 찾는 데 집중할 수 있는 힘을 주었습니다. 또한, 동아리 활동을 통해 서로 다른 의견을 존중하고 조율하는 방법을 배우며 성장할 수 있었습니다. 이 모든 경험은 저의 인성과 능력을 발전시키는 데 큰 도움이 되었고, 앞으로의 도전에서도 이러한 배움을 바탕으로 성과를 이루고자 합니다.",2022-08,0,7,5,5,1017,1048,64,23,1,1091,2022-08,7,9,3,1091,,0.46321183
2022-06,5978874550033,6249264389063,2025-06-11,1405,67,1,1,0,1,0,1,0,1,15,1,894,436,948,36861,49232,89562,4,50,43,42,89,35,1,0,1,90,0,0,1,1,1,1,0,0,0,1,0,0,0,375,39,0,99,6,363,11,42,61,70,12,24,49,13,78,1,73423,0,1,14,9143,0,1,39,54,40,0.406,27,79,85,1957,1273,0,17,1,1,0,547,1426,549,1,0,0,11,9,1,6,3,4,7,2,5,0,1,0,14,7,-1,3502.0,3218.0,-1,-1,6,-1,-1,-1,-1,-1,-1,1,0,0,0,1,10,2,"학창 시절, 다양한 활동을 통해 팀워크와 문제 해결 능력을 키웠습니다. 특히, 학급 대표로서 여러 프로젝트를 진행하며 친구들과 협력해 목표를 달성하는 기쁨을 느꼈습니다. 이러한 경험은 저에게 책임감을 심어주었고, 어려운 상황에서도 해결책을 찾는 데 집중할 수 있는 힘을 주었습니다. 또한, 동아리 활동을 통해 서로 다른 의견을 존중하고 조율하는 방법을 배우며 성장할 수 있었습니다. 이 모든 경험은 저의 인성과 능력을 발전시키는 데 큰 도움이 되었고, 앞으로의 도전에서도 이러한 배움을 바탕으로 성과를 이루고자 합니다.",2022-06,0,5,9,15,1967,1868,45,92,1,1957,2022-06,2,4,6,1957,,0.46321183
2022-10,3410477816500,9970264671605,2020-03-26,301,92,2,0,0,0,0,1,1,0,11,1,720,704,776,33544,91681,85703,88,15,33,44,90,46,1,0,0,79,0,1,1,0,0,0,0,1,2,0,1,1,1,508,60,86,39,51,149,33,15,41,94,97,40,25,84,21,1,34797,0,0,39,9703,1,2,19,5,27,0.598,63,14,87,1616,1788,0,1328,1,0,0,853,839,1154,1,0,0,3,8,1,0,-1,-1,-1,-1,-1,-1,-1,23,25,2,-1,183.0,429.0,-1,-1,4,-1,-1,-1,-1,-1,-1,1,0,0,0,5,1,5,"저는 다양한 프로젝트에서 팀원으로서의 역할을 충실히 수행하며, 문제 해결 능력을 키워왔습니다. 이전 직장에서 진행한 제품 개발 프로젝트에서는 팀과의 원활한 소통을 통해 고객의 요구사항을 정확히 반영하여 최종 결과물의 품질을 높였습니다. 이 과정에서 발생한 여러 문제를 팀원들과 협력하여 해결하며, 책임감을 갖고 업무에 임했습니다. 또한, 프로젝트 종료 후 피드백을 통해 개인의 성장뿐만 아니라 팀의 역량도 강화할 수 있었습니다. 이러한 경험들은 앞으로의 업무에서도 팀워크와 책임감을 바탕으로 더욱 발전하는 데 큰 도움이 될 것입니다.",2022-10,0,7,9,5,1168,1332,84,93,1,1616,2022-10,8,1,1,1616,,0.46321183
2020-12,3944568408220,6959880850589,2022-05-20,594,74,1,0,1,0,1,0,0,0,51,0,593,209,487,56482,58173,34196,40,84,98,57,24,70,1,2,1,51,0,0,0,1,1,0,1,1,0,1,1,0,0,535,22,13,39,42,149,73,81,192,14,69,83,57,24,58,1,86171,1,1,56,2185,1,0,19,59,77,0.079,5,9,1,501,1200,1,210,0,0,0,843,1152,337,1,0,0,3,8,1,0,-1,-1,-1,-1,-1,-1,-1,23,9,10,-1,1200.0,1091.0,-1,-1,4,-1,-1,-1,-1,-1,-1,1,0,0,0,1,10,2,"학창 시절, 다양한 활동을 통해 팀워크와 문제 해결 능력을 키웠습니다. 특히, 학급 대표로서 여러 프로젝트를 진행하며 친구들과 협력해 목표를 달성하는 기쁨을 느꼈습니다. 이러한 경험은 저에게 책임감을 심어주었고, 어려운 상황에서도 해결책을 찾는 데 집중할 수 있는 힘을 주었습니다. 또한, 동아리 활동을 통해 서로 다른 의견을 존중하고 조율하는 방법을 배우며 성장할 수 있었습니다. 이 모든 경험은 저의 인성과 능력을 발전시키는 데 큰 도움이 되었고, 앞으로의 도전에서도 이러한 배움을 바탕으로 성과를 이루고자 합니다.",2020-12,0,9,1,3,159,109,63,57,1,501,2020-12,5,3,4,501,,0.5008523
2022-10,9899752410044,2933594053778,2025-03-22,1631,86,1,0,1,1,1,0,0,1,71,1,165,509,447,56622,63829,61242,28,78,64,12,30,37,2,2,0,67,0,1,1,0,1,0,0,0,2,0,0,0,0,503,63,93,18,89,326,53,48,248,52,15,24,14,5,36,1,60543,1,1,33,8538,0,1,0,5,28,0.609,78,71,15,1484,240,1,119,0,0,1,323,1029,791,1,0,0,9,6,1,6,0,-1,-1,-1,-1,-1,-1,-1,-1,-1,-1,,,-1,-1,0,-1,-1,-1,-1,-1,-1,1,0,0,0,1,10,2,"학창 시절, 다양한 활동을 통해 팀워크와 문제 해결 능력을 키웠습니다. 특히, 학급 대표로서 여러 프로젝트를 진행하며 친구들과 협력해 목표를 달성하는 기쁨을 느꼈습니다. 이러한 경험은 저에게 책임감을 심어주었고, 어려운 상황에서도 해결책을 찾는 데 집중할 수 있는 힘을 주었습니다. 또한, 동아리 활동을 통해 서로 다른 의견을 존중하고 조율하는 방법을 배우며 성장할 수 있었습니다. 이 모든 경험은 저의 인성과 능력을 발전시키는 데 큰 도움이 되었고, 앞으로의 도전에서도 이러한 배움을 바탕으로 성과를 이루고자 합니다.",2022-10,0,4,4,7,2114,1949,61,33,1,1484,2022-10,8,1,1,1484,,0.5008523
2020-10,4285549618869,1804229466714,2024-06-13,975,21,2,1,1,1,1,0,0,1,91,0,377,633,859,28637,32211,31319,100,86,19,50,75,30,0,1,0,2,1,0,0,0,0,0,1,1,0,0,0,1,1,943,71,25,79,65,208,42,75,309,93,38,62,91,18,88,0,49951,0,0,42,1202,1,0,53,43,35,0.247,81,26,78,82,1207,1,1361,1,0,1,702,1340,575,1,0,0,3,8,1,0,-1,-1,-1,-1,-1,-1,-1,23,9,10,-1,2622.0,2432.0,-1,-1,4,-1,-1,-1,-1,-1,-1,1,0,0,0,9,7,9,"입사 후, 저는 팀의 일원으로서 협력과 소통을 통해 시너지를 창출하고 싶습니다. 다양한 문제 해결 경험을 바탕으로, 발생하는 이슈에 대해 적극적으로 접근하며 실질적인 해결책을 제시하겠습니다. 또한, 지속적인 자기 개발을 통해 변화하는 시장에 발맞추고, 회사의 성장에 기여할 수 있는 전문가로 성장하겠습니다. 책임감을 가지고 맡은 바 업무를 수행하며, 동료들과 함께 목표를 달성하는 과정에서 신뢰를 쌓고 긍정적인 조직 문화를 만들어 나가겠습니다.",2020-10,0,7,6,5,823,718,41,10,1,82,2020-10,8,1,1,82,,0.5008523
2024-08,3336234470564,7674242455103,2020-06-13,251,24,1,0,1,0,0,2,1,1,95,1,483,834,367,26555,37987,40276,76,62,78,54,40,41,2,1,0,73,0,0,1,1,0,1,1,0,2,0,0,0,0,359,97,66,57,100,290,57,26,72,69,81,11,3,13,77,1,15842,0,1,89,7072,1,1,10,91,22,0.012,52,91,70,90,554,0,171,1,1,1,126,700,1594,1,0,0,3,8,1,0,-1,-1,-1,-1,-1,-1,-1,10,15,2,-1,1664.0,1818.0,-1,-1,4,-1,-1,-1,-1,-1,-1,1,0,0,0,0,4,0,"저는 가족과의 소중한 유대감을 통해 팀워크와 책임감의 중요성을 배웠습니다. 부모님은 항상 저에게 자신감을 주셨고, 형제자매와 함께 성장하며 서로의 문제를 함께 해결하는 법을 익혔습니다. 이러한 경험은 저의 인생에 큰 영향을 미쳤고, 협력의 가치를 깨닫게 해주었습니다. 가족은 저에게 도전과 어려움을 극복하는 힘을 주었으며, 그 과정에서 저는 더 나은 사람으로 성장할 수 있었습니다. 앞으로도 가족과의 관계를 바탕으로, 다양한 사람들과의 협업에서 긍정적인 영향을 미치며 함께 발전해 나가고 싶습니다.",2024-08,0,1,4,1,1517,1601,77,50,1,90,2024-08,7,9,3,90,,0.5008523
2025-04,6021240702329,9707717771818,2022-06-22,817,39,2,0,1,1,0,1,0,0,20,1,552,774,954,28770,86018,52501,70,27,35,10,84,78,0,1,1,39,1,1,0,1,1,1,1,0,0,0,0,1,1,486,40,44,52,37,30,66,11,164,70,15,36,59,53,8,0,22487,0,0,24,9130,0,0,76,8,5,0.806,59,64,23,331,243,1,218,1,1,0,273,102,742,1,0,0,2,7,1,-1,-1,-1,-1,-1,-1,-1,-1,-1,-1,-1,-1,,,-1,-1,-1,-1,-1,-1,-1,-1,-1,1,0,0,0,8,9,6,"저는 항상 팀워크와 문제 해결을 통해 성장하는 것을 중요하게 생각해왔습니다. 이 과정에서 다양한 경험을 쌓으며 책임감을 기르게 되었고, 이를 통해 더욱 효과적으로 목표를 달성할 수 있었습니다. 지원하게 된 이유는 귀사의 비전과 가치가 저의 신념과 일치하기 때문입니다. 특히, 협업을 통해 혁신적인 해결책을 모색하고, 지속적으로 발전하는 환경에서 제 역량을 발휘하고 싶습니다. 함께 일하며 더 나은 결과를 만들어가는 과정에 기여하고 싶습니다.",2025-04,0,3,4,12,27,36,4,97,1,331,2025-04,6,0,0,331,,0.5008523
2020-10,1557868500076,3423399219393,2020-07-13,776,18,1,1,1,1,1,0,0,1,40,0,280,123,405,75683,93419,39100,84,52,15,70,15,5,2,2,1,57,1,0,0,0,1,0,0,0,1,1,1,1,0,185,13,49,51,74,329,68,59,363,23,61,18,95,37,9,0,90745,1,0,16,2264,0,2,42,95,26,0.041,76,19,29,1668,1070,0,774,1,1,1,855,768,907,1,0,0,0,5,1,9,14,-1,-1,-1,-1,-1,-1,24,-1,-1,-1,1438.0,,-1,-1,3,-1,-1,-1,-1,-1,-1,1,0,0,0,7,5,10,"저는 긍정적이고 적극적인 성격을 가지고 있어 팀워크를 중요시하며, 언제나 동료들과의 협력을 통해 문제를 해결하려고 노력합니다. 이러한 태도 덕분에 다양한 상황에서도 원활하게 소통하고 조율할 수 있었습니다. 그러나 가끔은 지나치게 책임감을 느껴 혼자서 모든 일을 해결하려고 하는 경향이 있어, 이로 인해 스트레스를 받을 때가 있습니다. 이를 극복하기 위해 팀원들에게 도움을 요청하고 의견을 나누는 연습을 하고 있습니다. 이러한 과정은 저의 성장뿐만 아니라 팀의 성과에도 긍정적인 영향을 미치고 있습니다. 앞으로도 이러한 장점을 살리고 단점을 보완하여 더욱 발전하는 인재가 되겠습니다.",2020-10,0,4,3,7,198,228,9,79,1,1668,2020-10,9,6,8,1668,,0.5008523
2020-10,6002939350019,4266268569371,2023-02-08,994,59,1,1,0,1,1,0,0,1,1,0,571,472,917,94288,18457,98489,75,31,74,55,11,14,0,1,0,100,1,1,0,0,0,0,1,1,0,0,1,0,0,493,68,34,0,83,62,24,19,113,33,10,76,37,57,78,1,61319,1,1,70,5328,1,2,82,20,90,0.813,78,54,92,153,671,0,208,0,1,0,578,482,797,1,0,0,5,1,1,0,-1,6,-1,-1,-1,-1,-1,18,4,19,-1,1707.0,,-1,-1,-1,-1,-1,-1,-1,-1,-1,1,0,0,0,9,7,9,"입사 후, 저는 팀의 일원으로서 협력과 소통을 통해 시너지를 창출하고 싶습니다. 다양한 문제 해결 경험을 바탕으로, 발생하는 이슈에 대해 적극적으로 접근하며 실질적인 해결책을 제시하겠습니다. 또한, 지속적인 자기 개발을 통해 변화하는 시장에 발맞추고, 회사의 성장에 기여할 수 있는 전문가로 성장하겠습니다. 책임감을 가지고 맡은 바 업무를 수행하며, 동료들과 함께 목표를 달성하는 과정에서 신뢰를 쌓고 긍정적인 조직 문화를 만들어 나가겠습니다.",2020-10,0,7,4,5,1549,1480,51,77,1,153,2020-10,5,3,4,153,,0.46321183
2025-08,6736776246033,5021591824830,2024-06-08,678,64,2,0,0,1,0,0,1,1,82,0,328,682,267,17283,91350,34076,45,78,32,56,0,61,0,0,0,37,1,0,0,1,0,1,1,1,1,1,0,1,0,478,42,71,40,74,243,17,52,329,78,95,25,10,25,58,0,97005,1,0,40,1416,1,2,43,46,60,0.24,24,65,63,207,0,1,1282,1,0,1,917,373,839,1,0,0,8,3,1,0,-1,9,-1,-1,-1,-1,-1,6,1,-1,-1,2951.0,,-1,-1,5,-1,-1,-1,-1,-1,-1,1,0,0,0,2,8,3,"대학 시절, 동아리 활동을 통해 팀워크와 문제 해결 능력을 키웠습니다. 프로젝트를 진행하며 다양한 의견을 조율하고, 각자의 강점을 살려 역할을 분담했습니다. 특히, 한 번은 중요한 발표를 앞두고 예상치 못한 기술적 문제에 직면했으나, 팀원들과의 긴밀한 협력을 통해 신속하게 해결책을 마련했습니다. 이 과정에서 책임감을 느끼며, 결과적으로 발표는 성공적으로 마무리되었습니다. 이러한 경험은 저에게 공동의 목표를 위해 협력하는 것의 중요성과 문제를 해결하는 능력을 배양하는 데 큰 도움이 되었습니다. 또한, 실패와 성공을 통해 지속적으로 성장할 수 있는 기회를 얻었습니다.",2025-08,0,0,9,2,1831,1699,24,88,1,207,2025-08,6,0,0,207,,0.46321183
2021-08,3193954217413,5222393383021,2023-02-21,791,79,1,1,0,0,1,0,0,1,2,0,172,726,438,33416,59474,94122,84,42,94,16,60,84,2,2,1,95,1,0,1,0,0,0,0,0,0,0,1,1,1,162,28,20,98,92,105,16,81,355,99,36,86,27,42,81,0,77131,0,1,69,1512,0,2,41,39,31,0.026,49,30,34,926,800,0,344,1,0,1,654,465,16,1,0,0,9,6,1,6,0,-1,-1,-1,-1,-1,-1,-1,-1,-1,-1,,,-1,-1,0,-1,-1,-1,-1,-1,-1,1,0,0,0,12,2,2,"다양한 경험을 통해 문제 해결 능력과 팀워크의 중요성을 깊이 이해하게 되었습니다. 대학 시절, 여러 프로젝트에서 팀원으로 참여하며 각자의 의견을 존중하고 조율하는 과정을 통해 협력의 가치를 실감했습니다. 특히, 예기치 않은 문제에 직면했을 때는 팀원들과 함께 brainstorming을 통해 창의적인 해결책을 도출하며 성장했습니다. 또한, 책임감을 가지고 맡은 역할을 수행하며 팀의 목표 달성에 기여한 경험은 저에게 큰 자산이 되었습니다. 앞으로도 끊임없이 배우고 성장하며, 팀과 함께 더 나은 결과를 만들어가는 일에 최선을 다할 것입니다.",2021-08,0,13,2,11,3,36,0,86,1,926,2021-08,8,1,1,926,,0.46321183
2020-06,2262416409453,6902840898576,2020-08-04,657,82,2,0,1,1,0,0,0,1,1,1,402,817,227,13974,19589,14592,33,95,91,77,62,46,0,2,1,68,1,1,0,0,1,0,1,0,1,1,0,1,0,433,46,37,23,35,69,92,43,228,86,0,34,75,92,42,1,49738,1,0,57,4034,2,0,29,44,51,0.701,35,27,90,1596,668,0,1273,0,1,1,674,1678,238,1,0,0,3,8,1,0,-1,-1,-1,-1,-1,-1,-1,10,17,2,-1,1249.0,1303.0,-1,-1,4,-1,-1,-1,-1,-1,-1,1,0,0,0,9,7,9,"입사 후, 저는 팀의 일원으로서 협력과 소통을 통해 시너지를 창출하고 싶습니다. 다양한 문제 해결 경험을 바탕으로, 발생하는 이슈에 대해 적극적으로 접근하며 실질적인 해결책을 제시하겠습니다. 또한, 지속적인 자기 개발을 통해 변화하는 시장에 발맞추고, 회사의 성장에 기여할 수 있는 전문가로 성장하겠습니다. 책임감을 가지고 맡은 바 업무를 수행하며, 동료들과 함께 목표를 달성하는 과정에서 신뢰를 쌓고 긍정적인 조직 문화를 만들어 나가겠습니다.",2020-06,0,9,5,3,1691,1693,32,26,1,1596,2020-06,2,4,6,1596,,0.5008523
2025-02,5973294924032,1985447520022,2022-12-02,377,49,0,0,1,1,1,2,1,1,45,0,477,985,276,79093,84295,59788,58,98,18,50,49,54,0,1,0,81,0,0,0,0,1,1,0,0,2,0,1,0,1,268,58,77,3,59,5,85,44,26,81,20,97,92,8,21,1,65207,0,1,64,1841,1,2,81,18,34,0.462,53,57,39,23,182,1,252,1,1,1,122,49,546,1,0,0,0,5,1,17,10,-1,-1,-1,-1,-1,-1,24,-1,-1,-1,380.0,,-1,-1,3,-1,-1,-1,-1,-1,-1,1,0,0,0,0,4,0,"저는 가족과의 소중한 유대감을 통해 팀워크와 책임감의 중요성을 배웠습니다. 부모님은 항상 저에게 자신감을 주셨고, 형제자매와 함께 성장하며 서로의 문제를 함께 해결하는 법을 익혔습니다. 이러한 경험은 저의 인생에 큰 영향을 미쳤고, 협력의 가치를 깨닫게 해주었습니다. 가족은 저에게 도전과 어려움을 극복하는 힘을 주었으며, 그 과정에서 저는 더 나은 사람으로 성장할 수 있었습니다. 앞으로도 가족과의 관계를 바탕으로, 다양한 사람들과의 협업에서 긍정적인 영향을 미치며 함께 발전해 나가고 싶습니다.",2025-02,0,9,2,3,1381,1366,25,32,1,23,2025-02,2,4,6,23,,0.5008523
2024-08,5558042385201,3395209173595,2023-12-09,667,91,1,1,0,1,0,1,0,0,88,1,827,145,618,74634,32643,24437,96,34,5,49,34,73,0,0,1,30,1,0,1,1,1,1,1,1,1,1,0,1,1,722,56,56,46,2,49,66,64,287,29,59,77,54,95,53,1,48099,0,0,32,3910,0,2,85,45,42,0.798,65,65,62,1179,758,1,617,1,0,1,963,1296,559,1,0,0,1,2,1,0,-1,-1,-1,-1,-1,-1,-1,27,5,6,-1,561.0,753.0,-1,-1,-1,-1,0,-1,-1,-1,-1,1,0,0,0,2,8,3,"대학 시절, 동아리 활동을 통해 팀워크와 문제 해결 능력을 키웠습니다. 프로젝트를 진행하며 다양한 의견을 조율하고, 각자의 강점을 살려 역할을 분담했습니다. 특히, 한 번은 중요한 발표를 앞두고 예상치 못한 기술적 문제에 직면했으나, 팀원들과의 긴밀한 협력을 통해 신속하게 해결책을 마련했습니다. 이 과정에서 책임감을 느끼며, 결과적으로 발표는 성공적으로 마무리되었습니다. 이러한 경험은 저에게 공동의 목표를 위해 협력하는 것의 중요성과 문제를 해결하는 능력을 배양하는 데 큰 도움이 되었습니다. 또한, 실패와 성공을 통해 지속적으로 성장할 수 있는 기회를 얻었습니다.",2024-08,0,3,8,12,998,997,42,48,1,1179,2024-08,7,9,3,1179,,0.46321183
2021-12,2422775213630,5048724048367,2024-11-11,446,32,0,0,1,0,0,1,1,1,39,0,707,363,592,16096,51003,59554,56,88,67,63,72,66,2,0,1,42,1,1,1,1,0,0,1,0,2,1,0,1,1,279,39,81,20,86,132,99,5,45,17,70,0,45,39,71,1,74459,1,0,85,7413,1,2,37,60,28,0.832,77,88,39,144,669,0,1301,0,0,1,584,793,653,1,0,0,6,0,1,0,-1,16,-1,-1,-1,3,-1,5,18,11,-1,0.0,290.0,-1,-1,2,0,-1,1,3,0,1,1,0,0,0,12,2,2,"다양한 경험을 통해 문제 해결 능력과 팀워크의 중요성을 깊이 이해하게 되었습니다. 대학 시절, 여러 프로젝트에서 팀원으로 참여하며 각자의 의견을 존중하고 조율하는 과정을 통해 협력의 가치를 실감했습니다. 특히, 예기치 않은 문제에 직면했을 때는 팀원들과 함께 brainstorming을 통해 창의적인 해결책을 도출하며 성장했습니다. 또한, 책임감을 가지고 맡은 역할을 수행하며 팀의 목표 달성에 기여한 경험은 저에게 큰 자산이 되었습니다. 앞으로도 끊임없이 배우고 성장하며, 팀과 함께 더 나은 결과를 만들어가는 일에 최선을 다할 것입니다.",2021-12,0,1,4,1,152,143,91,56,1,144,2021-12,5,3,4,144,,0.5008523
2021-06,4491587705336,9623623570546,2023-02-24,313,51,2,0,0,1,1,1,1,1,11,0,151,495,736,79312,12939,59151,85,77,63,68,55,6,0,1,0,44,1,0,0,1,1,1,0,0,0,1,1,1,0,127,20,26,64,11,199,67,75,153,3,40,69,17,70,42,0,23172,1,0,61,4234,0,2,21,44,75,0.058,13,71,78,65,317,0,266,1,1,0,595,1052,187,1,0,0,6,0,1,0,-1,15,-1,-1,-1,3,-1,1,18,4,-1,2778.0,2680.0,-1,-1,2,1,-1,0,7,4,1,1,0,0,0,5,1,5,"저는 다양한 프로젝트에서 팀원으로서의 역할을 충실히 수행하며, 문제 해결 능력을 키워왔습니다. 이전 직장에서 진행한 제품 개발 프로젝트에서는 팀과의 원활한 소통을 통해 고객의 요구사항을 정확히 반영하여 최종 결과물의 품질을 높였습니다. 이 과정에서 발생한 여러 문제를 팀원들과 협력하여 해결하며, 책임감을 갖고 업무에 임했습니다. 또한, 프로젝트 종료 후 피드백을 통해 개인의 성장뿐만 아니라 팀의 역량도 강화할 수 있었습니다. 이러한 경험들은 앞으로의 업무에서도 팀워크와 책임감을 바탕으로 더욱 발전하는 데 큰 도움이 될 것입니다.",2021-06,0,4,6,7,742,795,83,34,1,65,2021-06,8,1,1,65,,0.46321183
2024-10,7780841496982,3734886509281,2022-08-22,149,78,0,1,0,0,0,2,1,0,1,0,569,526,968,94456,93517,28583,9,42,67,22,90,43,2,1,0,74,0,0,0,0,1,1,1,0,0,0,1,1,0,335,25,48,3,52,2,87,52,304,85,6,58,69,84,55,0,48705,0,0,32,9148,2,0,84,41,24,0.681,13,73,38,602,413,0,273,1,1,0,514,561,73,1,0,0,1,2,1,0,-1,-1,-1,-1,-1,-1,-1,8,5,15,-1,1342.0,990.0,-1,-1,-1,-1,0,-1,-1,-1,-1,1,0,0,0,5,1,5,"저는 다양한 프로젝트에서 팀원으로서의 역할을 충실히 수행하며, 문제 해결 능력을 키워왔습니다. 이전 직장에서 진행한 제품 개발 프로젝트에서는 팀과의 원활한 소통을 통해 고객의 요구사항을 정확히 반영하여 최종 결과물의 품질을 높였습니다. 이 과정에서 발생한 여러 문제를 팀원들과 협력하여 해결하며, 책임감을 갖고 업무에 임했습니다. 또한, 프로젝트 종료 후 피드백을 통해 개인의 성장뿐만 아니라 팀의 역량도 강화할 수 있었습니다. 이러한 경험들은 앞으로의 업무에서도 팀워크와 책임감을 바탕으로 더욱 발전하는 데 큰 도움이 될 것입니다.",2024-10,0,12,6,8,215,98,58,39,1,602,2024-10,1,8,2,602,,0.46321183
2025-05,5142565933446,1610124015054,2022-11-30,205,38,2,0,0,1,1,2,0,1,90,0,105,658,275,91056,30512,78436,4,25,56,33,49,76,2,2,1,67,1,0,1,1,0,1,0,0,0,0,0,1,1,305,53,19,27,73,206,77,8,156,71,16,11,4,91,43,1,31956,0,0,5,3860,2,1,89,14,79,0.149,78,17,47,684,576,0,885,0,0,0,463,983,673,1,0,0,9,6,1,11,8,-1,-1,-1,-1,-1,-1,-1,-1,-1,-1,,,-1,-1,0,-1,-1,-1,-1,-1,-1,1,0,0,0,1,10,2,"학창 시절, 다양한 활동을 통해 팀워크와 문제 해결 능력을 키웠습니다. 특히, 학급 대표로서 여러 프로젝트를 진행하며 친구들과 협력해 목표를 달성하는 기쁨을 느꼈습니다. 이러한 경험은 저에게 책임감을 심어주었고, 어려운 상황에서도 해결책을 찾는 데 집중할 수 있는 힘을 주었습니다. 또한, 동아리 활동을 통해 서로 다른 의견을 존중하고 조율하는 방법을 배우며 성장할 수 있었습니다. 이 모든 경험은 저의 인성과 능력을 발전시키는 데 큰 도움이 되었고, 앞으로의 도전에서도 이러한 배움을 바탕으로 성과를 이루고자 합니다.",2025-05,0,9,9,3,223,85,94,94,1,684,2025-05,6,0,0,684,,0.46321183
2021-08,8264292629358,2484760023918,2022-08-06,725,91,0,0,1,1,1,2,1,1,59,0,573,375,440,17467,68847,61813,51,97,97,90,48,90,1,2,0,74,1,0,1,1,0,1,0,0,1,1,0,1,1,411,89,11,12,84,203,85,84,109,39,26,23,80,41,36,0,49751,0,0,10,9632,2,2,25,76,83,0.095,34,41,17,59,154,1,224,1,1,1,636,530,534,1,0,0,10,4,1,3,5,11,2,-1,-1,-1,-1,-1,-1,-1,3,570.0,,1,1,-1,-1,-1,-1,-1,-1,-1,1,0,0,0,10,6,4,"저는 항상 팀워크와 문제 해결의 중요성을 강조하며 성장해왔습니다. 어린 시절, 다양한 동아리 활동을 통해 친구들과 협력하여 목표를 달성하는 경험을 쌓았습니다. 특히, 중학교 시절 학교 축제 준비를 하면서 팀원들과의 소통과 역할 분담의 중요성을 깨달았습니다. 이러한 경험은 고등학교와 대학에서도 이어졌고, 프로젝트를 수행할 때마다 책임감을 가지고 임하며 문제를 해결하는 데 집중했습니다. 그 결과, 팀이 목표를 초과 달성하는 성과를 이루었고, 이는 저의 성장에 큰 밑거름이 되었습니다. 이러한 경험을 바탕으로 앞으로도 끊임없이 배우고 성장하며, 팀과 함께 더 나은 결과를 만들어 나가고 싶습니다.",2021-08,0,6,9,9,278,207,12,87,1,59,2021-08,2,4,6,59,,0.5008523
2022-10,9500814827894,2170798994730,2020-01-30,487,30,2,1,0,0,1,1,1,0,60,1,244,812,850,83152,62476,69364,37,89,19,82,33,52,1,1,0,42,0,1,0,1,0,0,0,0,0,0,1,1,1,535,71,68,39,77,334,43,78,247,10,48,60,96,54,90,1,39208,0,0,11,3784,1,2,43,6,13,0.324,73,30,48,1528,2054,1,66,0,1,0,768,1505,533,1,0,0,5,1,1,0,-1,2,-1,-1,-1,-1,-1,19,2,19,-1,938.0,,-1,-1,-1,-1,-1,-1,-1,-1,-1,1,0,0,0,9,7,9,"입사 후, 저는 팀의 일원으로서 협력과 소통을 통해 시너지를 창출하고 싶습니다. 다양한 문제 해결 경험을 바탕으로, 발생하는 이슈에 대해 적극적으로 접근하며 실질적인 해결책을 제시하겠습니다. 또한, 지속적인 자기 개발을 통해 변화하는 시장에 발맞추고, 회사의 성장에 기여할 수 있는 전문가로 성장하겠습니다. 책임감을 가지고 맡은 바 업무를 수행하며, 동료들과 함께 목표를 달성하는 과정에서 신뢰를 쌓고 긍정적인 조직 문화를 만들어 나가겠습니다.",2022-10,0,4,4,7,1757,1813,1,29,1,1528,2022-10,4,5,8,1528,,0.46321183
2025-07,1987733344765,6077390690611,2022-04-28,37,34,2,1,1,1,1,1,0,1,61,1,127,472,874,92164,44688,81107,72,61,10,97,47,79,0,0,0,0,0,0,1,1,1,1,1,0,2,1,1,1,0,315,91,30,62,85,339,21,49,317,53,20,56,18,53,17,1,24041,1,0,30,7869,1,2,24,19,36,0.985,69,57,70,808,605,1,167,1,0,0,116,24,346,1,0,0,7,10,1,0,-1,13,10,-1,-1,-1,-1,26,20,14,-1,1233.0,1343.0,-1,-1,1,-1,-1,-1,-1,-1,-1,1,0,0,0,5,1,5,"저는 다양한 프로젝트에서 팀원으로서의 역할을 충실히 수행하며, 문제 해결 능력을 키워왔습니다. 이전 직장에서 진행한 제품 개발 프로젝트에서는 팀과의 원활한 소통을 통해 고객의 요구사항을 정확히 반영하여 최종 결과물의 품질을 높였습니다. 이 과정에서 발생한 여러 문제를 팀원들과 협력하여 해결하며, 책임감을 갖고 업무에 임했습니다. 또한, 프로젝트 종료 후 피드백을 통해 개인의 성장뿐만 아니라 팀의 역량도 강화할 수 있었습니다. 이러한 경험들은 앞으로의 업무에서도 팀워크와 책임감을 바탕으로 더욱 발전하는 데 큰 도움이 될 것입니다.",2025-07,0,13,7,11,1250,1205,49,59,1,808,2025-07,7,9,3,808,,0.5008523
2020-08,3222845903533,1143317880346,2025-04-22,369,20,0,0,1,0,1,2,1,1,19,1,716,964,757,11984,48267,19248,64,12,11,25,37,19,2,0,0,72,1,0,0,1,1,0,0,0,0,0,0,1,0,481,19,10,54,63,98,81,66,103,72,11,39,32,27,46,0,75234,1,0,13,6347,1,2,44,70,0,0.335,66,94,44,945,829,1,981,1,0,1,678,1156,50,1,0,0,4,11,1,0,-1,16,-1,-1,-1,-1,-1,21,21,-1,-1,,,-1,-1,-1,-1,1,-1,-1,-1,-1,1,0,0,0,11,0,7,"저는 항상 팀워크와 책임감을 바탕으로 가치 있는 성장을 추구해왔습니다. 문제 해결 과정에서 동료들과 협력하며 다양한 의견을 존중하고, 이를 통해 최선의 결과를 도출하는 것을 중요하게 생각합니다. 이러한 과정은 저에게 개인적인 성장뿐만 아니라, 팀 전체의 발전에도 기여할 수 있는 기회를 제공합니다. 매사에 책임을 다하며, 긍정적인 변화와 혁신을 이끌어내는 것이 제 가치관의 핵심입니다. 이를 통해 더 나은 미래를 만들어가는 데 기여하고자 합니다.",2020-08,0,13,7,11,982,897,34,19,1,945,2020-08,8,1,1,945,,0.5008523
2025-01,2715222836128,7834675824535,2023-03-05,1098,85,0,1,0,0,0,1,0,1,92,1,682,220,754,22918,65013,22649,63,23,92,94,12,42,2,1,1,47,1,1,1,0,0,1,1,0,2,1,1,0,1,811,2,40,7,96,178,8,91,209,90,75,85,24,32,3,1,85042,0,1,25,8139,1,0,63,38,84,0.907,87,30,57,210,797,1,74,0,1,1,151,491,534,1,0,0,11,9,1,13,2,4,7,3,2,1,0,2,13,13,-1,1914.0,1768.0,-1,-1,6,-1,-1,-1,-1,-1,-1,1,0,0,0,11,0,7,"저는 항상 팀워크와 책임감을 바탕으로 가치 있는 성장을 추구해왔습니다. 문제 해결 과정에서 동료들과 협력하며 다양한 의견을 존중하고, 이를 통해 최선의 결과를 도출하는 것을 중요하게 생각합니다. 이러한 과정은 저에게 개인적인 성장뿐만 아니라, 팀 전체의 발전에도 기여할 수 있는 기회를 제공합니다. 매사에 책임을 다하며, 긍정적인 변화와 혁신을 이끌어내는 것이 제 가치관의 핵심입니다. 이를 통해 더 나은 미래를 만들어가는 데 기여하고자 합니다.",2025-01,0,14,2,0,19,88,19,28,1,210,2025-01,2,4,6,210,,0.46321183
2024-10,9597684514799,5261657241320,2022-09-11,229,97,0,1,0,0,0,1,0,0,18,1,944,913,421,38004,13491,39046,23,90,97,46,26,1,0,2,1,49,0,0,0,0,0,1,0,1,2,1,1,0,0,528,76,82,58,41,257,86,27,70,54,2,82,99,96,40,1,45433,1,1,80,7126,0,0,89,57,75,0.547,70,65,18,536,881,0,167,0,1,1,651,316,150,1,0,0,10,4,1,4,7,9,4,-1,-1,-1,-1,-1,-1,-1,2,2052.0,,1,1,-1,-1,-1,-1,-1,-1,-1,1,0,0,0,4,12,11,"저는 다양한 훈련과정을 통해 전문성을 쌓아온 경험이 있습니다. 특히, 팀 프로젝트에서의 역할을 통해 협업의 중요성을 몸소 느꼈고, 문제 발생 시 적극적으로 해결책을 모색하며 책임감을 가지고 임했습니다. 이러한 과정에서 성장의 기회를 얻었고, 동료들과의 소통을 통해 더 나은 결과를 도출할 수 있었습니다. 앞으로도 훈련자로서 팀원들과 함께 발전하며, 긍정적인 변화를 이끌어내는 데 기여하고자 합니다.",2024-10,0,11,3,13,110,213,62,53,1,536,2024-10,6,0,0,536,,0.46321183
2025-08,1199348598020,2959381354615,2024-04-05,436,15,2,1,0,1,0,1,1,1,15,1,817,473,107,81768,61343,37685,49,37,97,43,47,95,2,1,0,33,0,1,0,0,0,0,0,0,1,1,0,0,0,728,11,52,51,64,270,49,78,71,0,48,84,49,39,81,1,70695,0,1,44,3203,1,1,20,58,48,0.514,28,18,48,740,255,0,26,1,1,1,680,288,520,1,0,0,6,0,1,0,-1,16,-1,-1,-1,3,-1,5,10,4,-1,431.0,127.0,-1,-1,2,3,-1,0,4,4,0,1,0,0,0,7,5,10,"저는 긍정적이고 적극적인 성격을 가지고 있어 팀워크를 중요시하며, 언제나 동료들과의 협력을 통해 문제를 해결하려고 노력합니다. 이러한 태도 덕분에 다양한 상황에서도 원활하게 소통하고 조율할 수 있었습니다. 그러나 가끔은 지나치게 책임감을 느껴 혼자서 모든 일을 해결하려고 하는 경향이 있어, 이로 인해 스트레스를 받을 때가 있습니다. 이를 극복하기 위해 팀원들에게 도움을 요청하고 의견을 나누는 연습을 하고 있습니다. 이러한 과정은 저의 성장뿐만 아니라 팀의 성과에도 긍정적인 영향을 미치고 있습니다. 앞으로도 이러한 장점을 살리고 단점을 보완하여 더욱 발전하는 인재가 되겠습니다.",2025-08,0,15,3,14,365,211,57,40,1,740,2025-08,4,5,8,740,,0.46321183
2020-11,8691639434076,4709674473695,2023-09-21,1176,9,0,0,1,0,1,2,0,1,21,0,753,207,236,71308,99705,15709,67,88,65,61,1,9,2,1,0,17,1,0,0,0,0,1,1,1,1,0,0,1,1,581,55,84,26,49,180,21,49,280,78,94,17,40,32,41,1,87451,1,0,98,8052,2,0,7,22,3,0.379,4,81,43,323,1251,1,244,1,0,1,248,50,486,1,0,0,11,9,1,13,2,5,8,3,2,0,1,2,13,0,-1,832.0,832.0,-1,-1,6,-1,-1,-1,-1,-1,-1,1,0,0,0,5,1,5,"저는 다양한 프로젝트에서 팀원으로서의 역할을 충실히 수행하며, 문제 해결 능력을 키워왔습니다. 이전 직장에서 진행한 제품 개발 프로젝트에서는 팀과의 원활한 소통을 통해 고객의 요구사항을 정확히 반영하여 최종 결과물의 품질을 높였습니다. 이 과정에서 발생한 여러 문제를 팀원들과 협력하여 해결하며, 책임감을 갖고 업무에 임했습니다. 또한, 프로젝트 종료 후 피드백을 통해 개인의 성장뿐만 아니라 팀의 역량도 강화할 수 있었습니다. 이러한 경험들은 앞으로의 업무에서도 팀워크와 책임감을 바탕으로 더욱 발전하는 데 큰 도움이 될 것입니다.",2020-11,0,13,5,11,186,262,3,36,1,323,2020-11,5,3,4,323,,0.5008523
2021-08,6920427734908,5077080223606,2023-07-14,134,23,1,1,0,0,1,2,1,0,26,1,815,658,998,42197,32723,56034,59,65,7,83,68,21,0,2,0,73,0,1,1,0,1,1,0,1,2,1,0,0,0,682,26,62,23,82,191,59,81,195,31,77,25,59,5,39,1,79358,1,1,72,7050,1,0,68,73,54,0.617,2,8,53,66,614,0,917,1,0,0,388,395,344,1,0,0,9,6,1,16,1,-1,-1,-1,-1,-1,-1,-1,-1,-1,-1,,,-1,-1,0,-1,-1,-1,-1,-1,-1,1,0,0,0,0,4,0,"저는 가족과의 소중한 유대감을 통해 팀워크와 책임감의 중요성을 배웠습니다. 부모님은 항상 저에게 자신감을 주셨고, 형제자매와 함께 성장하며 서로의 문제를 함께 해결하는 법을 익혔습니다. 이러한 경험은 저의 인생에 큰 영향을 미쳤고, 협력의 가치를 깨닫게 해주었습니다. 가족은 저에게 도전과 어려움을 극복하는 힘을 주었으며, 그 과정에서 저는 더 나은 사람으로 성장할 수 있었습니다. 앞으로도 가족과의 관계를 바탕으로, 다양한 사람들과의 협업에서 긍정적인 영향을 미치며 함께 발전해 나가고 싶습니다.",2021-08,0,8,1,10,588,706,75,2,1,66,2021-08,7,9,3,66,,0.46321183
2022-08,2724403431313,4305296306850,2025-08-31,1164,20,0,0,0,1,1,0,0,0,66,1,714,759,456,17626,83735,45151,80,84,77,74,93,15,1,0,0,48,1,0,1,1,1,0,0,1,2,0,0,1,1,374,53,17,30,16,131,90,8,174,1,29,36,18,92,63,1,23975,0,1,97,9201,1,2,87,26,6,0.704,72,54,45,1240,1501,0,857,1,1,0,738,364,1112,1,0,0,7,10,1,0,-1,7,13,-1,-1,-1,-1,7,20,14,-1,2533.0,2256.0,-1,-1,1,-1,-1,-1,-1,-1,-1,1,0,0,0,5,1,5,"저는 다양한 프로젝트에서 팀원으로서의 역할을 충실히 수행하며, 문제 해결 능력을 키워왔습니다. 이전 직장에서 진행한 제품 개발 프로젝트에서는 팀과의 원활한 소통을 통해 고객의 요구사항을 정확히 반영하여 최종 결과물의 품질을 높였습니다. 이 과정에서 발생한 여러 문제를 팀원들과 협력하여 해결하며, 책임감을 갖고 업무에 임했습니다. 또한, 프로젝트 종료 후 피드백을 통해 개인의 성장뿐만 아니라 팀의 역량도 강화할 수 있었습니다. 이러한 경험들은 앞으로의 업무에서도 팀워크와 책임감을 바탕으로 더욱 발전하는 데 큰 도움이 될 것입니다.",2022-08,0,13,3,11,539,373,20,58,1,1240,2022-08,8,1,1,1240,,0.46321183
2020-12,4704103833919,4440847857143,2025-02-21,178,20,1,0,0,1,0,2,1,0,39,0,484,730,393,68065,63903,87052,35,11,33,16,58,32,0,0,1,59,1,0,0,0,1,0,1,1,2,0,0,0,1,238,91,14,89,90,182,75,44,121,31,86,48,41,66,62,0,76681,0,0,30,7579,2,2,60,100,30,0.713,51,56,59,879,1644,1,1652,1,0,0,682,1060,353,1,0,0,9,6,1,11,8,-1,-1,-1,-1,-1,-1,-1,-1,-1,-1,,,-1,-1,0,-1,-1,-1,-1,-1,-1,1,0,0,0,3,11,8,"해외에서의 경험은 저에게 큰 성장의 기회를 제공했습니다. 대학 시절, 6개월간 유럽에서 어학연수를 하며 다양한 문화와 사람들을 만났고, 이 과정에서 팀워크의 중요성을 깊이 깨달았습니다. 여러 국적의 친구들과 함께 프로젝트를 진행하며 서로의 의견을 존중하고 조율하는 법을 익혔습니다. 또한, 현지에서의 일상적인 문제들을 해결하기 위해 적극적으로 나섰고, 이를 통해 책임감을 기를 수 있었습니다. 이러한 경험은 저의 문제 해결 능력을 키워주었고, 다양한 시각에서 접근할 수 있는 능력을 배양하게 했습니다. 결과적으로, 해외 경험은 저의 인생에 긍정적인 영향을 미쳤고, 앞으로의 도전에서도 큰 자산이 될 것입니다.",2020-12,0,1,4,1,2433,2329,15,4,1,879,2020-12,5,3,4,879,,0.46321183
2024-12,7584043894402,2131315124222,2021-04-11,593,15,0,1,1,1,0,1,0,1,96,0,998,631,552,18012,21771,73824,75,32,90,43,71,67,0,0,1,51,1,1,1,1,1,1,1,1,1,0,0,1,0,323,20,32,64,94,1,62,11,287,47,25,59,96,14,41,0,44134,1,0,72,3937,2,2,7,25,5,0.159,80,54,40,582,830,1,883,0,1,1,992,660,281,1,0,0,0,5,1,17,10,-1,-1,-1,-1,-1,-1,24,-1,-1,-1,1405.0,,-1,-1,3,-1,-1,-1,-1,-1,-1,1,0,0,0,1,10,2,"학창 시절, 다양한 활동을 통해 팀워크와 문제 해결 능력을 키웠습니다. 특히, 학급 대표로서 여러 프로젝트를 진행하며 친구들과 협력해 목표를 달성하는 기쁨을 느꼈습니다. 이러한 경험은 저에게 책임감을 심어주었고, 어려운 상황에서도 해결책을 찾는 데 집중할 수 있는 힘을 주었습니다. 또한, 동아리 활동을 통해 서로 다른 의견을 존중하고 조율하는 방법을 배우며 성장할 수 있었습니다. 이 모든 경험은 저의 인성과 능력을 발전시키는 데 큰 도움이 되었고, 앞으로의 도전에서도 이러한 배움을 바탕으로 성과를 이루고자 합니다.",2024-12,0,8,9,10,800,666,76,52,1,582,2024-12,8,1,1,582,,0.5008523
2021-10,3836546898498,1519624275879,2023-12-20,613,24,1,0,1,0,0,2,0,1,45,1,928,490,165,15597,76153,71802,51,53,2,41,13,13,2,0,0,64,1,1,0,1,0,0,1,1,0,1,1,0,0,498,74,3,50,21,118,95,64,154,92,59,70,99,59,69,0,50456,0,1,97,5672,1,0,15,100,69,0.723,22,85,94,605,569,1,971,0,0,0,421,504,424,1,0,0,2,7,1,-1,-1,-1,-1,-1,-1,-1,-1,-1,-1,-1,-1,,,-1,-1,-1,-1,-1,-1,-1,-1,-1,1,0,0,0,8,9,6,"저는 항상 팀워크와 문제 해결을 통해 성장하는 것을 중요하게 생각해왔습니다. 이 과정에서 다양한 경험을 쌓으며 책임감을 기르게 되었고, 이를 통해 더욱 효과적으로 목표를 달성할 수 있었습니다. 지원하게 된 이유는 귀사의 비전과 가치가 저의 신념과 일치하기 때문입니다. 특히, 협업을 통해 혁신적인 해결책을 모색하고, 지속적으로 발전하는 환경에서 제 역량을 발휘하고 싶습니다. 함께 일하며 더 나은 결과를 만들어가는 과정에 기여하고 싶습니다.",2021-10,0,0,6,2,1480,1367,87,20,1,605,2021-10,9,6,8,605,,0.5008523
2024-07,9900795874726,7306107088544,2023-03-14,1162,68,1,0,1,0,0,1,0,1,2,1,795,973,558,62028,27878,22902,75,16,53,37,45,42,2,2,0,30,1,0,0,0,0,1,0,0,2,0,0,0,1,873,6,71,39,78,252,11,78,60,91,60,31,77,43,81,0,12813,0,1,18,6612,2,0,80,92,10,0.354,80,0,87,14,38,1,676,0,1,0,338,363,764,1,0,0,6,0,1,0,-1,15,-1,-1,-1,4,-1,1,26,15,-1,1191.0,1018.0,-1,-1,2,3,-1,0,6,1,1,1,0,0,0,4,12,11,"저는 다양한 훈련과정을 통해 전문성을 쌓아온 경험이 있습니다. 특히, 팀 프로젝트에서의 역할을 통해 협업의 중요성을 몸소 느꼈고, 문제 발생 시 적극적으로 해결책을 모색하며 책임감을 가지고 임했습니다. 이러한 과정에서 성장의 기회를 얻었고, 동료들과의 소통을 통해 더 나은 결과를 도출할 수 있었습니다. 앞으로도 훈련자로서 팀원들과 함께 발전하며, 긍정적인 변화를 이끌어내는 데 기여하고자 합니다.",2024-07,0,8,1,10,1633,1599,35,60,1,14,2024-07,1,8,2,14,0.0,0.5008523
2022-03,3966103307650,7171580824320,2025-05-09,469,84,0,0,0,1,1,1,1,1,16,0,164,525,531,17379,12003,61918,83,61,66,4,14,41,2,2,1,90,0,1,1,1,0,1,1,1,0,1,0,0,1,498,61,97,63,55,27,6,37,45,11,44,96,83,37,8,0,31794,1,0,88,4771,1,0,11,5,2,0.438,78,44,80,787,1203,0,763,1,1,1,857,363,1507,1,0,0,7,10,1,0,-1,1,6,-1,-1,-1,-1,25,20,9,-1,2341.0,2236.0,-1,-1,1,-1,-1,-1,-1,-1,-1,1,0,0,0,8,9,6,"저는 항상 팀워크와 문제 해결을 통해 성장하는 것을 중요하게 생각해왔습니다. 이 과정에서 다양한 경험을 쌓으며 책임감을 기르게 되었고, 이를 통해 더욱 효과적으로 목표를 달성할 수 있었습니다. 지원하게 된 이유는 귀사의 비전과 가치가 저의 신념과 일치하기 때문입니다. 특히, 협업을 통해 혁신적인 해결책을 모색하고, 지속적으로 발전하는 환경에서 제 역량을 발휘하고 싶습니다. 함께 일하며 더 나은 결과를 만들어가는 과정에 기여하고 싶습니다.",2022-03,0,6,4,9,734,613,26,22,1,787,2022-03,3,7,7,787,0.0,0.46321183
2023-11,5322060932287,9391087740170,2021-03-30,440,85,2,1,0,1,1,1,1,0,8,0,977,711,362,76961,43580,15265,98,56,58,16,91,89,0,0,1,32,0,1,0,0,0,1,0,0,1,1,1,1,0,589,53,26,5,36,11,6,32,226,58,83,7,7,56,20,1,91102,1,0,83,7072,0,2,12,90,50,0.459,31,90,83,1102,390,1,252,1,1,1,416,290,1434,1,0,0,10,4,1,2,15,6,3,-1,-1,-1,-1,-1,-1,-1,0,1155.0,,1,1,-1,-1,-1,-1,-1,-1,-1,1,0,0,0,10,6,4,"저는 항상 팀워크와 문제 해결의 중요성을 강조하며 성장해왔습니다. 어린 시절, 다양한 동아리 활동을 통해 친구들과 협력하여 목표를 달성하는 경험을 쌓았습니다. 특히, 중학교 시절 학교 축제 준비를 하면서 팀원들과의 소통과 역할 분담의 중요성을 깨달았습니다. 이러한 경험은 고등학교와 대학에서도 이어졌고, 프로젝트를 수행할 때마다 책임감을 가지고 임하며 문제를 해결하는 데 집중했습니다. 그 결과, 팀이 목표를 초과 달성하는 성과를 이루었고, 이는 저의 성장에 큰 밑거름이 되었습니다. 이러한 경험을 바탕으로 앞으로도 끊임없이 배우고 성장하며, 팀과 함께 더 나은 결과를 만들어 나가고 싶습니다.",2023-11,0,15,9,14,1536,1704,18,43,1,1102,2023-11,8,1,1,1102,0.0,0.46321183
2020-04,3517843140823,6566813726420,2024-07-26,615,62,2,0,0,0,1,0,1,0,76,0,294,333,421,43006,46082,56037,94,93,21,10,13,2,0,1,0,17,0,1,0,1,1,1,1,0,2,0,0,0,0,895,100,20,1,84,335,94,96,8,40,90,40,70,98,66,1,23863,0,1,33,3184,0,2,93,48,39,0.561,30,27,60,2,1611,0,101,1,1,1,191,1228,65,1,0,0,7,10,1,0,-1,1,6,-1,-1,-1,-1,26,16,9,-1,1342.0,1276.0,-1,-1,1,-1,-1,-1,-1,-1,-1,1,0,0,0,5,1,5,"저는 다양한 프로젝트에서 팀원으로서의 역할을 충실히 수행하며, 문제 해결 능력을 키워왔습니다. 이전 직장에서 진행한 제품 개발 프로젝트에서는 팀과의 원활한 소통을 통해 고객의 요구사항을 정확히 반영하여 최종 결과물의 품질을 높였습니다. 이 과정에서 발생한 여러 문제를 팀원들과 협력하여 해결하며, 책임감을 갖고 업무에 임했습니다. 또한, 프로젝트 종료 후 피드백을 통해 개인의 성장뿐만 아니라 팀의 역량도 강화할 수 있었습니다. 이러한 경험들은 앞으로의 업무에서도 팀워크와 책임감을 바탕으로 더욱 발전하는 데 큰 도움이 될 것입니다.",2020-04,0,6,1,9,1188,1149,33,21,1,2,2020-04,1,8,2,2,0.0,0.46321183
2024-05,9379669513277,7358900728146,2024-12-08,1463,82,1,1,0,1,0,2,1,0,59,1,509,660,796,13911,88618,98235,15,99,58,39,65,88,0,1,0,50,1,1,0,0,0,0,1,0,1,0,0,1,1,749,35,19,34,50,130,96,27,352,69,46,53,41,8,41,1,79975,1,1,39,2142,0,1,52,29,29,0.711,66,66,78,559,1225,0,219,0,1,0,357,183,1395,1,0,0,0,5,1,15,13,-1,-1,-1,-1,-1,-1,11,-1,-1,-1,2260.0,,-1,-1,3,-1,-1,-1,-1,-1,-1,1,0,0,0,2,8,3,"대학 시절, 동아리 활동을 통해 팀워크와 문제 해결 능력을 키웠습니다. 프로젝트를 진행하며 다양한 의견을 조율하고, 각자의 강점을 살려 역할을 분담했습니다. 특히, 한 번은 중요한 발표를 앞두고 예상치 못한 기술적 문제에 직면했으나, 팀원들과의 긴밀한 협력을 통해 신속하게 해결책을 마련했습니다. 이 과정에서 책임감을 느끼며, 결과적으로 발표는 성공적으로 마무리되었습니다. 이러한 경험은 저에게 공동의 목표를 위해 협력하는 것의 중요성과 문제를 해결하는 능력을 배양하는 데 큰 도움이 되었습니다. 또한, 실패와 성공을 통해 지속적으로 성장할 수 있는 기회를 얻었습니다.",2024-05,0,6,9,9,1379,1352,99,64,1,559,2024-05,7,9,3,559,0.0,0.46321183
2022-08,4192858910804,2705902686452,2023-07-02,1094,24,2,0,1,0,1,1,1,0,88,0,418,473,848,77012,60260,60793,14,30,71,77,10,72,0,0,1,14,0,1,0,1,1,1,1,1,2,0,0,0,0,980,36,37,88,36,298,46,66,134,51,75,95,64,59,38,1,90748,0,0,76,6128,1,0,16,85,15,0.262,91,33,30,92,775,0,456,0,1,0,683,464,795,1,0,0,4,11,1,0,-1,15,-1,-1,-1,-1,-1,21,21,-1,-1,,,-1,-1,-1,-1,1,-1,-1,-1,-1,1,0,0,0,9,7,9,"입사 후, 저는 팀의 일원으로서 협력과 소통을 통해 시너지를 창출하고 싶습니다. 다양한 문제 해결 경험을 바탕으로, 발생하는 이슈에 대해 적극적으로 접근하며 실질적인 해결책을 제시하겠습니다. 또한, 지속적인 자기 개발을 통해 변화하는 시장에 발맞추고, 회사의 성장에 기여할 수 있는 전문가로 성장하겠습니다. 책임감을 가지고 맡은 바 업무를 수행하며, 동료들과 함께 목표를 달성하는 과정에서 신뢰를 쌓고 긍정적인 조직 문화를 만들어 나가겠습니다.",2022-08,0,12,7,8,1980,1833,69,13,1,92,2022-08,9,6,8,92,0.0,0.5008523
2023-09,9719018214331,7227521460324,2024-06-22,445,2,0,0,1,0,1,2,0,1,50,1,781,922,501,75900,16109,78826,47,86,35,82,48,95,1,2,1,95,1,0,0,1,1,1,0,1,1,0,1,0,0,514,32,46,47,62,53,49,77,153,5,94,64,63,4,67,1,94731,1,1,54,9272,2,1,31,80,85,0.387,85,29,27,305,145,1,566,1,1,1,648,1364,1204,1,0,0,6,0,1,0,-1,15,-1,-1,-1,3,-1,5,18,21,-1,44.0,143.0,-1,-1,2,4,-1,0,1,2,2,1,0,0,0,9,7,9,"입사 후, 저는 팀의 일원으로서 협력과 소통을 통해 시너지를 창출하고 싶습니다. 다양한 문제 해결 경험을 바탕으로, 발생하는 이슈에 대해 적극적으로 접근하며 실질적인 해결책을 제시하겠습니다. 또한, 지속적인 자기 개발을 통해 변화하는 시장에 발맞추고, 회사의 성장에 기여할 수 있는 전문가로 성장하겠습니다. 책임감을 가지고 맡은 바 업무를 수행하며, 동료들과 함께 목표를 달성하는 과정에서 신뢰를 쌓고 긍정적인 조직 문화를 만들어 나가겠습니다.",2023-09,0,1,7,1,432,257,59,47,1,305,2023-09,6,0,0,305,0.0,0.5008523
2022-08,4222879701003,4146557845070,2020-11-04,770,82,0,0,1,0,1,1,1,0,63,0,879,181,298,59675,64419,19038,2,35,34,56,87,10,0,0,1,85,1,1,1,1,0,0,0,1,0,0,0,1,1,519,7,41,20,85,142,34,97,46,60,70,30,7,65,53,0,43752,0,1,68,7929,2,2,76,26,37,0.556,39,73,40,88,1654,0,940,1,1,1,533,126,346,1,0,0,8,3,1,0,-1,6,-1,-1,-1,-1,-1,6,1,-1,-1,21.0,,-1,-1,5,-1,-1,-1,-1,-1,-1,1,0,0,0,0,4,0,"저는 가족과의 소중한 유대감을 통해 팀워크와 책임감의 중요성을 배웠습니다. 부모님은 항상 저에게 자신감을 주셨고, 형제자매와 함께 성장하며 서로의 문제를 함께 해결하는 법을 익혔습니다. 이러한 경험은 저의 인생에 큰 영향을 미쳤고, 협력의 가치를 깨닫게 해주었습니다. 가족은 저에게 도전과 어려움을 극복하는 힘을 주었으며, 그 과정에서 저는 더 나은 사람으로 성장할 수 있었습니다. 앞으로도 가족과의 관계를 바탕으로, 다양한 사람들과의 협업에서 긍정적인 영향을 미치며 함께 발전해 나가고 싶습니다.",2022-08,0,5,6,15,1472,1631,8,30,1,88,2022-08,8,1,1,88,0.0,0.5008523
2023-08,4058688201051,7224360478069,2024-12-22,330,10,2,1,0,1,1,1,1,0,94,1,967,983,816,99512,63930,94092,56,94,61,50,43,26,0,2,0,78,1,0,0,0,1,1,0,1,1,0,0,1,0,393,67,89,67,12,45,17,26,178,16,30,0,29,23,87,1,54025,0,1,10,8081,0,2,33,40,63,0.06,4,10,59,930,602,0,622,1,0,0,160,357,1465,1,0,0,9,6,1,11,8,-1,-1,-1,-1,-1,-1,-1,-1,-1,-1,,,-1,-1,0,-1,-1,-1,-1,-1,-1,1,0,0,0,2,8,3,"대학 시절, 동아리 활동을 통해 팀워크와 문제 해결 능력을 키웠습니다. 프로젝트를 진행하며 다양한 의견을 조율하고, 각자의 강점을 살려 역할을 분담했습니다. 특히, 한 번은 중요한 발표를 앞두고 예상치 못한 기술적 문제에 직면했으나, 팀원들과의 긴밀한 협력을 통해 신속하게 해결책을 마련했습니다. 이 과정에서 책임감을 느끼며, 결과적으로 발표는 성공적으로 마무리되었습니다. 이러한 경험은 저에게 공동의 목표를 위해 협력하는 것의 중요성과 문제를 해결하는 능력을 배양하는 데 큰 도움이 되었습니다. 또한, 실패와 성공을 통해 지속적으로 성장할 수 있는 기회를 얻었습니다.",2023-08,0,6,5,9,1756,1579,73,81,1,930,2023-08,5,3,4,930,0.0,0.46321183
2023-03,6564955868315,5248458968218,2022-04-16,359,80,0,0,1,1,1,0,0,0,46,0,791,897,524,79636,36619,18198,33,25,38,15,5,91,0,0,0,99,0,1,0,0,0,0,0,0,0,0,1,0,1,164,27,3,70,62,9,35,77,243,25,22,12,84,2,27,1,99622,0,0,91,8695,2,1,58,67,36,0.172,12,28,11,384,254,0,847,1,1,0,287,757,266,1,0,0,10,4,1,1,9,6,3,-1,-1,-1,-1,-1,-1,-1,0,2035.0,,2,2,-1,-1,-1,-1,-1,-1,-1,1,0,0,0,10,6,4,"저는 항상 팀워크와 문제 해결의 중요성을 강조하며 성장해왔습니다. 어린 시절, 다양한 동아리 활동을 통해 친구들과 협력하여 목표를 달성하는 경험을 쌓았습니다. 특히, 중학교 시절 학교 축제 준비를 하면서 팀원들과의 소통과 역할 분담의 중요성을 깨달았습니다. 이러한 경험은 고등학교와 대학에서도 이어졌고, 프로젝트를 수행할 때마다 책임감을 가지고 임하며 문제를 해결하는 데 집중했습니다. 그 결과, 팀이 목표를 초과 달성하는 성과를 이루었고, 이는 저의 성장에 큰 밑거름이 되었습니다. 이러한 경험을 바탕으로 앞으로도 끊임없이 배우고 성장하며, 팀과 함께 더 나은 결과를 만들어 나가고 싶습니다.",2023-03,0,3,2,12,824,924,38,16,1,384,2023-03,5,3,4,384,0.0,0.5008523
2025-03,6891788128987,6436562258795,2023-03-29,893,41,2,1,0,1,1,0,0,1,98,0,458,320,762,77588,60603,20807,96,56,45,19,37,38,2,2,1,16,1,1,1,1,0,1,1,1,1,1,0,0,0,826,3,31,18,79,265,83,26,182,47,78,35,18,73,25,0,31074,1,0,38,8080,2,2,88,97,5,0.45,35,92,42,588,318,1,792,0,0,1,300,1181,846,1,0,0,9,6,1,6,0,-1,-1,-1,-1,-1,-1,-1,-1,-1,-1,,,-1,-1,0,-1,-1,-1,-1,-1,-1,1,0,0,0,9,7,9,"입사 후, 저는 팀의 일원으로서 협력과 소통을 통해 시너지를 창출하고 싶습니다. 다양한 문제 해결 경험을 바탕으로, 발생하는 이슈에 대해 적극적으로 접근하며 실질적인 해결책을 제시하겠습니다. 또한, 지속적인 자기 개발을 통해 변화하는 시장에 발맞추고, 회사의 성장에 기여할 수 있는 전문가로 성장하겠습니다. 책임감을 가지고 맡은 바 업무를 수행하며, 동료들과 함께 목표를 달성하는 과정에서 신뢰를 쌓고 긍정적인 조직 문화를 만들어 나가겠습니다.",2025-03,0,8,5,10,120,225,53,15,1,588,2025-03,4,5,8,588,0.0,0.46321183
2025-07,2805162357180,8999157186741,2023-01-26,98,63,0,1,1,0,0,1,1,1,93,1,299,251,764,16000,54564,31103,74,30,78,86,28,48,0,0,1,98,0,1,0,0,1,1,0,0,2,1,1,1,1,915,75,73,61,75,167,66,87,178,11,7,82,61,42,29,0,54015,1,0,74,7300,2,2,88,42,27,0.351,43,46,91,1061,794,1,494,0,0,0,314,52,513,1,0,0,8,3,1,0,-1,6,-1,-1,-1,-1,-1,16,1,-1,-1,683.0,,-1,-1,5,-1,-1,-1,-1,-1,-1,1,0,0,0,1,10,2,"학창 시절, 다양한 활동을 통해 팀워크와 문제 해결 능력을 키웠습니다. 특히, 학급 대표로서 여러 프로젝트를 진행하며 친구들과 협력해 목표를 달성하는 기쁨을 느꼈습니다. 이러한 경험은 저에게 책임감을 심어주었고, 어려운 상황에서도 해결책을 찾는 데 집중할 수 있는 힘을 주었습니다. 또한, 동아리 활동을 통해 서로 다른 의견을 존중하고 조율하는 방법을 배우며 성장할 수 있었습니다. 이 모든 경험은 저의 인성과 능력을 발전시키는 데 큰 도움이 되었고, 앞으로의 도전에서도 이러한 배움을 바탕으로 성과를 이루고자 합니다.",2025-07,0,10,3,4,168,9,85,54,1,1061,2025-07,5,3,4,1061,0.0,0.5008523
2021-06,6189543526727,8405483002305,2023-06-12,6,66,1,0,1,0,1,0,0,1,50,1,280,832,651,60183,64752,71136,37,43,23,45,76,36,2,2,0,8,0,1,1,1,1,0,0,1,0,0,1,1,0,528,61,2,63,90,59,58,81,70,5,100,80,95,86,47,0,14836,1,1,51,6256,0,1,57,42,0,0.753,7,39,73,1092,404,0,385,0,1,0,132,1017,804,1,0,0,3,8,1,0,-1,-1,-1,-1,-1,-1,-1,10,17,3,-1,1106.0,772.0,-1,-1,4,-1,-1,-1,-1,-1,-1,1,0,0,0,8,9,6,"저는 항상 팀워크와 문제 해결을 통해 성장하는 것을 중요하게 생각해왔습니다. 이 과정에서 다양한 경험을 쌓으며 책임감을 기르게 되었고, 이를 통해 더욱 효과적으로 목표를 달성할 수 있었습니다. 지원하게 된 이유는 귀사의 비전과 가치가 저의 신념과 일치하기 때문입니다. 특히, 협업을 통해 혁신적인 해결책을 모색하고, 지속적으로 발전하는 환경에서 제 역량을 발휘하고 싶습니다. 함께 일하며 더 나은 결과를 만들어가는 과정에 기여하고 싶습니다.",2021-06,0,15,6,14,231,266,92,65,1,1092,2021-06,5,3,4,1092,0.0,0.5008523
2023-04,4866007476989,6465029932442,2023-02-17,234,80,1,0,0,1,1,2,1,1,88,1,780,425,530,44081,62519,24747,88,24,70,4,92,92,1,2,0,78,1,1,0,0,1,1,1,1,2,0,0,0,1,934,69,65,6,13,212,81,78,186,2,44,3,75,18,83,1,98250,0,0,21,3169,0,2,41,91,11,0.579,59,85,77,521,706,0,583,0,1,1,976,611,239,1,0,0,0,5,1,9,14,-1,-1,-1,-1,-1,-1,24,-1,-1,-1,2765.0,,-1,-1,3,-1,-1,-1,-1,-1,-1,1,0,0,0,9,7,9,"입사 후, 저는 팀의 일원으로서 협력과 소통을 통해 시너지를 창출하고 싶습니다. 다양한 문제 해결 경험을 바탕으로, 발생하는 이슈에 대해 적극적으로 접근하며 실질적인 해결책을 제시하겠습니다. 또한, 지속적인 자기 개발을 통해 변화하는 시장에 발맞추고, 회사의 성장에 기여할 수 있는 전문가로 성장하겠습니다. 책임감을 가지고 맡은 바 업무를 수행하며, 동료들과 함께 목표를 달성하는 과정에서 신뢰를 쌓고 긍정적인 조직 문화를 만들어 나가겠습니다.",2023-04,0,9,7,3,76,192,6,0,1,521,2023-04,3,7,7,521,0.0,0.46321183
2021-11,1932047120112,4822763214010,2021-01-14,1615,8,2,1,0,0,0,0,0,1,54,0,323,154,549,57677,57801,76722,36,33,97,58,34,12,2,2,1,17,0,1,0,0,1,1,0,0,0,0,1,1,1,599,69,61,80,30,365,25,32,72,52,77,58,40,43,46,1,59176,1,1,69,6384,1,0,54,78,75,0.366,7,55,42,314,1439,0,1602,0,1,1,215,960,885,1,0,0,7,10,1,0,-1,14,12,-1,-1,-1,-1,26,16,14,-1,666.0,486.0,-1,-1,1,-1,-1,-1,-1,-1,-1,1,0,0,0,8,9,6,"저는 항상 팀워크와 문제 해결을 통해 성장하는 것을 중요하게 생각해왔습니다. 이 과정에서 다양한 경험을 쌓으며 책임감을 기르게 되었고, 이를 통해 더욱 효과적으로 목표를 달성할 수 있었습니다. 지원하게 된 이유는 귀사의 비전과 가치가 저의 신념과 일치하기 때문입니다. 특히, 협업을 통해 혁신적인 해결책을 모색하고, 지속적으로 발전하는 환경에서 제 역량을 발휘하고 싶습니다. 함께 일하며 더 나은 결과를 만들어가는 과정에 기여하고 싶습니다.",2021-11,0,0,2,2,846,850,39,18,1,314,2021-11,4,5,8,314,0.0,0.46321183
2022-12,5638710463679,9802295186219,2024-10-01,332,95,0,0,1,1,1,1,1,1,12,1,624,608,569,17906,27002,65458,57,30,36,33,100,21,2,1,1,80,1,1,1,1,0,0,1,0,2,0,1,1,0,513,21,79,94,45,231,92,31,330,36,73,87,81,61,85,0,53125,1,1,39,4455,2,2,80,28,56,0.538,51,90,65,978,851,1,607,0,1,0,402,148,1250,1,0,0,1,2,1,0,-1,-1,-1,-1,-1,-1,-1,20,6,18,-1,2015.0,1749.0,-1,-1,-1,-1,0,-1,-1,-1,-1,1,0,0,0,0,4,0,"저는 가족과의 소중한 유대감을 통해 팀워크와 책임감의 중요성을 배웠습니다. 부모님은 항상 저에게 자신감을 주셨고, 형제자매와 함께 성장하며 서로의 문제를 함께 해결하는 법을 익혔습니다. 이러한 경험은 저의 인생에 큰 영향을 미쳤고, 협력의 가치를 깨닫게 해주었습니다. 가족은 저에게 도전과 어려움을 극복하는 힘을 주었으며, 그 과정에서 저는 더 나은 사람으로 성장할 수 있었습니다. 앞으로도 가족과의 관계를 바탕으로, 다양한 사람들과의 협업에서 긍정적인 영향을 미치며 함께 발전해 나가고 싶습니다.",2022-12,0,13,6,11,2185,2038,16,51,1,978,2022-12,2,4,6,978,0.0,0.5008523
2023-04,8413273603722,8595543845021,2020-07-06,44,5,2,1,1,1,0,0,0,1,12,1,273,478,645,74075,99656,44917,45,36,90,84,53,25,1,2,0,52,0,0,1,0,1,1,1,1,2,1,1,0,1,603,92,32,62,65,119,82,53,343,9,22,6,94,19,29,1,64798,0,0,39,5200,1,0,14,60,18,0.606,97,10,17,1863,1699,0,368,1,1,0,527,1676,467,1,0,0,6,0,1,0,-1,15,-1,-1,-1,3,-1,4,12,4,-1,672.0,639.0,-1,-1,2,2,-1,0,2,2,2,1,0,0,0,6,3,1,"저는 다양한 경험을 통해 쌓은 팀워크와 문제 해결 능력을 강점으로 삼고 있습니다. 대학 시절, 여러 프로젝트에서 팀원으로 활동하며 서로의 의견을 존중하고 조율하는 과정에서 협업의 중요성을 깨달았습니다. 또한, 예상치 못한 문제에 직면했을 때는 침착하게 상황을 분석하고, 팀원들과 함께 해결책을 모색하여 성공적으로 프로젝트를 마무리한 경험이 있습니다. 이러한 경험은 저에게 책임감을 더욱 강화시켰고, 지속적인 성장의 기회를 제공했습니다. 앞으로도 이러한 특장점을 바탕으로 조직에 기여하며 함께 발전해 나가고자 합니다.",2023-04,0,6,5,9,334,229,43,6,1,1863,2023-04,2,4,6,1863,0.0,0.5008523
2020-08,7042531535874,8466508216658,2020-03-31,1671,70,1,0,1,1,0,1,0,1,46,0,893,350,284,85994,37970,58338,90,43,85,0,3,4,2,0,1,45,0,0,1,1,1,0,1,0,0,1,1,0,0,710,84,48,20,29,219,54,43,145,22,45,90,84,91,56,1,71574,1,0,69,5759,1,1,67,20,37,0.139,94,69,1,1995,1685,0,1102,1,0,1,844,1360,157,1,0,0,2,7,1,-1,-1,-1,-1,-1,-1,-1,-1,-1,-1,-1,-1,,,-1,-1,-1,-1,-1,-1,-1,-1,-1,1,0,0,0,10,6,4,"저는 항상 팀워크와 문제 해결의 중요성을 강조하며 성장해왔습니다. 어린 시절, 다양한 동아리 활동을 통해 친구들과 협력하여 목표를 달성하는 경험을 쌓았습니다. 특히, 중학교 시절 학교 축제 준비를 하면서 팀원들과의 소통과 역할 분담의 중요성을 깨달았습니다. 이러한 경험은 고등학교와 대학에서도 이어졌고, 프로젝트를 수행할 때마다 책임감을 가지고 임하며 문제를 해결하는 데 집중했습니다. 그 결과, 팀이 목표를 초과 달성하는 성과를 이루었고, 이는 저의 성장에 큰 밑거름이 되었습니다. 이러한 경험을 바탕으로 앞으로도 끊임없이 배우고 성장하며, 팀과 함께 더 나은 결과를 만들어 나가고 싶습니다.",2020-08,0,8,2,10,342,206,93,12,1,1995,2020-08,0,2,5,1995,0.0,0.5008523
2024-05,5051384151893,9272865511432,2020-08-29,808,90,0,0,1,0,1,1,1,0,98,1,300,348,693,49623,37278,36341,52,79,41,34,22,34,2,1,0,32,0,0,1,1,1,0,1,0,1,1,0,1,0,303,73,70,84,95,203,19,100,238,12,6,32,3,37,8,0,84887,1,1,34,1823,2,1,79,96,41,0.203,70,83,51,566,752,0,1693,1,1,0,312,1691,986,1,0,0,7,10,1,0,-1,14,12,-1,-1,-1,-1,7,16,22,-1,412.0,543.0,-1,-1,1,-1,-1,-1,-1,-1,-1,1,0,0,0,7,5,10,"저는 긍정적이고 적극적인 성격을 가지고 있어 팀워크를 중요시하며, 언제나 동료들과의 협력을 통해 문제를 해결하려고 노력합니다. 이러한 태도 덕분에 다양한 상황에서도 원활하게 소통하고 조율할 수 있었습니다. 그러나 가끔은 지나치게 책임감을 느껴 혼자서 모든 일을 해결하려고 하는 경향이 있어, 이로 인해 스트레스를 받을 때가 있습니다. 이를 극복하기 위해 팀원들에게 도움을 요청하고 의견을 나누는 연습을 하고 있습니다. 이러한 과정은 저의 성장뿐만 아니라 팀의 성과에도 긍정적인 영향을 미치고 있습니다. 앞으로도 이러한 장점을 살리고 단점을 보완하여 더욱 발전하는 인재가 되겠습니다.",2024-05,0,7,3,5,301,191,2,83,1,566,2024-05,4,5,8,566,0.0,0.50085235
2023-03,9625769332467,3670209562584,2020-08-27,1237,69,2,0,0,1,1,0,0,0,27,0,675,118,343,49180,61299,54582,80,36,72,47,79,87,1,0,0,23,0,0,0,0,1,0,0,1,1,0,0,0,0,838,11,8,4,79,88,89,68,195,48,46,69,33,16,44,1,25267,0,1,82,8329,0,2,64,99,98,0.749,38,46,83,937,520,1,738,0,0,0,142,220,456,1,0,0,4,11,1,0,-1,16,-1,-1,-1,-1,-1,21,23,-1,-1,,,-1,-1,-1,-1,1,-1,-1,-1,-1,1,0,0,0,8,9,6,"저는 항상 팀워크와 문제 해결을 통해 성장하는 것을 중요하게 생각해왔습니다. 이 과정에서 다양한 경험을 쌓으며 책임감을 기르게 되었고, 이를 통해 더욱 효과적으로 목표를 달성할 수 있었습니다. 지원하게 된 이유는 귀사의 비전과 가치가 저의 신념과 일치하기 때문입니다. 특히, 협업을 통해 혁신적인 해결책을 모색하고, 지속적으로 발전하는 환경에서 제 역량을 발휘하고 싶습니다. 함께 일하며 더 나은 결과를 만들어가는 과정에 기여하고 싶습니다.",2023-03,0,15,9,14,1251,1335,28,42,1,937,2023-03,7,9,3,937,0.0,0.46321183
2022-02,6533663649924,5712468007561,2024-07-28,1179,85,2,0,1,1,1,2,1,0,86,1,219,159,531,85320,66513,75252,61,46,90,77,71,63,0,2,1,51,1,0,1,0,0,0,1,1,1,1,0,1,1,762,69,32,49,13,180,97,40,347,7,61,19,71,44,28,0,62578,1,1,49,3906,0,2,61,76,72,0.369,11,89,92,606,1261,0,877,0,0,1,722,747,1281,1,0,0,10,4,1,7,16,12,0,-1,-1,-1,-1,-1,-1,-1,3,894.0,,2,2,-1,-1,-1,-1,-1,-1,-1,1,0,0,0,8,9,6,"저는 항상 팀워크와 문제 해결을 통해 성장하는 것을 중요하게 생각해왔습니다. 이 과정에서 다양한 경험을 쌓으며 책임감을 기르게 되었고, 이를 통해 더욱 효과적으로 목표를 달성할 수 있었습니다. 지원하게 된 이유는 귀사의 비전과 가치가 저의 신념과 일치하기 때문입니다. 특히, 협업을 통해 혁신적인 해결책을 모색하고, 지속적으로 발전하는 환경에서 제 역량을 발휘하고 싶습니다. 함께 일하며 더 나은 결과를 만들어가는 과정에 기여하고 싶습니다.",2022-02,0,14,4,0,550,429,21,76,1,606,2022-02,5,3,4,606,0.0,0.5008523
2021-03,7098870997688,2036631540441,2023-08-20,349,23,0,1,0,1,0,1,1,1,58,1,737,664,285,12181,27771,11737,40,43,34,47,94,9,2,2,0,68,0,0,1,1,1,1,1,0,1,1,0,0,0,736,92,1,53,97,249,48,76,241,85,88,72,39,70,56,0,37021,1,1,11,6266,1,2,63,80,79,0.404,95,70,97,268,932,0,19,0,1,1,259,477,511,1,0,0,7,10,1,0,-1,7,13,-1,-1,-1,-1,7,16,5,-1,524.0,159.0,-1,-1,1,-1,-1,-1,-1,-1,-1,1,0,0,0,10,6,4,"저는 항상 팀워크와 문제 해결의 중요성을 강조하며 성장해왔습니다. 어린 시절, 다양한 동아리 활동을 통해 친구들과 협력하여 목표를 달성하는 경험을 쌓았습니다. 특히, 중학교 시절 학교 축제 준비를 하면서 팀원들과의 소통과 역할 분담의 중요성을 깨달았습니다. 이러한 경험은 고등학교와 대학에서도 이어졌고, 프로젝트를 수행할 때마다 책임감을 가지고 임하며 문제를 해결하는 데 집중했습니다. 그 결과, 팀이 목표를 초과 달성하는 성과를 이루었고, 이는 저의 성장에 큰 밑거름이 되었습니다. 이러한 경험을 바탕으로 앞으로도 끊임없이 배우고 성장하며, 팀과 함께 더 나은 결과를 만들어 나가고 싶습니다.",2021-03,0,15,3,14,2024,1956,44,8,1,268,2021-03,8,1,1,268,0.0,0.46321183
2024-02,6422737855422,9126112232766,2020-04-01,300,93,2,0,1,1,1,1,0,0,39,0,955,421,730,31473,27543,83665,36,60,13,49,26,75,1,1,1,69,0,1,1,1,1,1,1,0,1,0,0,0,1,756,33,34,74,8,326,72,75,29,71,5,53,5,49,89,1,45601,0,0,24,6650,0,0,94,25,90,0.963,45,75,89,210,1645,0,1963,0,0,1,567,1569,1978,1,0,0,5,1,1,0,-1,6,-1,-1,-1,-1,-1,12,4,17,-1,685.0,,-1,-1,-1,-1,-1,-1,-1,-1,-1,1,0,0,0,4,12,11,"저는 다양한 훈련과정을 통해 전문성을 쌓아온 경험이 있습니다. 특히, 팀 프로젝트에서의 역할을 통해 협업의 중요성을 몸소 느꼈고, 문제 발생 시 적극적으로 해결책을 모색하며 책임감을 가지고 임했습니다. 이러한 과정에서 성장의 기회를 얻었고, 동료들과의 소통을 통해 더 나은 결과를 도출할 수 있었습니다. 앞으로도 훈련자로서 팀원들과 함께 발전하며, 긍정적인 변화를 이끌어내는 데 기여하고자 합니다.",2024-02,0,10,3,4,1117,1218,30,41,1,210,2024-02,2,4,6,210,0.0,0.5008523
2022-10,2125419957430,2212897418641,2022-10-07,981,71,0,1,0,1,1,0,1,0,35,0,994,790,800,33894,25636,83351,7,94,43,81,9,93,0,2,0,48,0,1,1,0,0,0,0,0,1,0,0,0,1,968,0,28,49,0,247,44,89,178,91,65,96,68,68,40,0,68879,0,1,9,7271,0,1,36,63,19,0.983,24,29,74,390,469,1,255,1,1,1,971,72,153,1,0,0,11,9,1,13,2,3,11,0,1,0,1,0,13,12,-1,2577.0,2339.0,-1,-1,6,-1,-1,-1,-1,-1,-1,1,0,0,0,5,1,5,"저는 다양한 프로젝트에서 팀원으로서의 역할을 충실히 수행하며, 문제 해결 능력을 키워왔습니다. 이전 직장에서 진행한 제품 개발 프로젝트에서는 팀과의 원활한 소통을 통해 고객의 요구사항을 정확히 반영하여 최종 결과물의 품질을 높였습니다. 이 과정에서 발생한 여러 문제를 팀원들과 협력하여 해결하며, 책임감을 갖고 업무에 임했습니다. 또한, 프로젝트 종료 후 피드백을 통해 개인의 성장뿐만 아니라 팀의 역량도 강화할 수 있었습니다. 이러한 경험들은 앞으로의 업무에서도 팀워크와 책임감을 바탕으로 더욱 발전하는 데 큰 도움이 될 것입니다.",2022-10,0,10,7,4,301,230,79,73,1,390,2022-10,0,2,5,390,0.0,0.46321183
2022-09,9482483394572,1586299445801,2023-03-28,327,10,1,1,1,1,1,1,0,1,63,1,946,268,983,72558,89814,89302,81,36,57,42,10,59,2,0,1,26,0,1,0,0,0,1,0,1,0,1,1,0,0,982,88,30,96,33,254,44,85,197,64,65,14,82,22,38,0,96944,1,1,66,9732,2,2,87,3,78,0.192,20,31,89,61,189,0,868,1,1,1,513,701,990,1,0,0,3,8,1,0,-1,-1,-1,-1,-1,-1,-1,10,27,3,-1,333.0,601.0,-1,-1,4,-1,-1,-1,-1,-1,-1,1,0,0,0,9,7,9,"입사 후, 저는 팀의 일원으로서 협력과 소통을 통해 시너지를 창출하고 싶습니다. 다양한 문제 해결 경험을 바탕으로, 발생하는 이슈에 대해 적극적으로 접근하며 실질적인 해결책을 제시하겠습니다. 또한, 지속적인 자기 개발을 통해 변화하는 시장에 발맞추고, 회사의 성장에 기여할 수 있는 전문가로 성장하겠습니다. 책임감을 가지고 맡은 바 업무를 수행하며, 동료들과 함께 목표를 달성하는 과정에서 신뢰를 쌓고 긍정적인 조직 문화를 만들어 나가겠습니다.",2022-09,0,12,7,8,1192,1182,65,24,1,61,2022-09,4,5,8,61,0.0,0.5008523
2025-06,6818177920139,6144877042603,2023-03-11,681,16,1,1,0,1,0,1,1,1,84,0,403,602,594,38594,88897,78732,56,56,6,13,66,27,0,0,0,97,0,0,0,1,1,0,1,0,1,0,0,0,0,953,98,39,58,97,289,17,14,240,57,29,50,90,35,86,0,35900,1,1,69,7757,2,2,98,41,60,0.75,12,79,27,34,240,0,467,1,1,0,935,1125,352,1,0,0,4,11,1,0,-1,16,-1,-1,-1,-1,-1,22,23,-1,-1,,,-1,-1,-1,-1,1,-1,-1,-1,-1,1,0,0,0,8,9,6,"저는 항상 팀워크와 문제 해결을 통해 성장하는 것을 중요하게 생각해왔습니다. 이 과정에서 다양한 경험을 쌓으며 책임감을 기르게 되었고, 이를 통해 더욱 효과적으로 목표를 달성할 수 있었습니다. 지원하게 된 이유는 귀사의 비전과 가치가 저의 신념과 일치하기 때문입니다. 특히, 협업을 통해 혁신적인 해결책을 모색하고, 지속적으로 발전하는 환경에서 제 역량을 발휘하고 싶습니다. 함께 일하며 더 나은 결과를 만들어가는 과정에 기여하고 싶습니다.",2025-06,0,2,3,6,142,176,29,98,1,34,2025-06,9,6,8,34,0.0,0.46321183
2024-11,4321064801171,7536038601165,2020-11-05,219,8,2,1,0,1,1,2,0,0,6,1,497,128,843,38656,35073,71681,72,79,7,71,36,45,1,2,1,96,0,0,0,0,1,1,0,1,2,0,0,0,1,875,28,38,63,67,310,67,45,306,84,1,33,6,29,41,0,69318,0,1,96,5449,2,2,66,33,64,0.508,27,41,0,1420,668,0,1740,0,1,1,753,242,1612,1,0,0,8,3,1,0,-1,2,-1,-1,-1,-1,-1,14,7,-1,-1,12.0,,-1,-1,5,-1,-1,-1,-1,-1,-1,1,0,0,0,3,11,8,"해외에서의 경험은 저에게 큰 성장의 기회를 제공했습니다. 대학 시절, 6개월간 유럽에서 어학연수를 하며 다양한 문화와 사람들을 만났고, 이 과정에서 팀워크의 중요성을 깊이 깨달았습니다. 여러 국적의 친구들과 함께 프로젝트를 진행하며 서로의 의견을 존중하고 조율하는 법을 익혔습니다. 또한, 현지에서의 일상적인 문제들을 해결하기 위해 적극적으로 나섰고, 이를 통해 책임감을 기를 수 있었습니다. 이러한 경험은 저의 문제 해결 능력을 키워주었고, 다양한 시각에서 접근할 수 있는 능력을 배양하게 했습니다. 결과적으로, 해외 경험은 저의 인생에 긍정적인 영향을 미쳤고, 앞으로의 도전에서도 큰 자산이 될 것입니다.",2024-11,0,5,1,15,687,606,13,35,1,1420,2024-11,3,7,7,1420,2.0,0.46321183
2021-04,6949839399911,5816581245882,2020-05-03,1902,10,2,0,1,0,0,0,0,0,6,1,592,774,689,36210,13676,66257,55,24,96,31,91,47,0,0,1,92,0,0,1,1,1,0,0,1,2,0,0,0,1,890,82,97,81,74,73,79,53,19,16,64,67,65,95,12,0,20385,1,0,42,5374,1,0,77,79,87,0.189,78,33,55,570,1935,1,1563,0,0,0,466,303,989,1,0,0,6,0,1,0,-1,16,-1,-1,-1,3,-1,1,26,4,-1,540.0,392.0,-1,-1,2,5,-1,0,0,0,1,1,0,0,0,5,1,5,"저는 다양한 프로젝트에서 팀원으로서의 역할을 충실히 수행하며, 문제 해결 능력을 키워왔습니다. 이전 직장에서 진행한 제품 개발 프로젝트에서는 팀과의 원활한 소통을 통해 고객의 요구사항을 정확히 반영하여 최종 결과물의 품질을 높였습니다. 이 과정에서 발생한 여러 문제를 팀원들과 협력하여 해결하며, 책임감을 갖고 업무에 임했습니다. 또한, 프로젝트 종료 후 피드백을 통해 개인의 성장뿐만 아니라 팀의 역량도 강화할 수 있었습니다. 이러한 경험들은 앞으로의 업무에서도 팀워크와 책임감을 바탕으로 더욱 발전하는 데 큰 도움이 될 것입니다.",2021-04,0,8,1,10,1843,1951,54,95,1,570,2021-04,1,8,2,570,0.0,0.5008523
2021-08,4164214783453,1381989324206,2023-06-12,346,83,1,0,1,0,1,2,1,1,36,1,196,916,813,95300,77497,52600,35,96,76,62,4,12,0,1,0,18,1,1,0,1,1,1,1,1,1,1,1,0,0,865,15,92,15,26,100,28,14,229,96,69,1,49,54,11,0,26220,1,0,92,1078,2,1,95,48,32,0.867,83,41,30,476,342,1,535,1,1,1,635,716,650,1,0,0,0,5,1,15,13,-1,-1,-1,-1,-1,-1,9,-1,-1,-1,1924.0,,-1,-1,3,-1,-1,-1,-1,-1,-1,1,0,0,0,7,5,10,"저는 긍정적이고 적극적인 성격을 가지고 있어 팀워크를 중요시하며, 언제나 동료들과의 협력을 통해 문제를 해결하려고 노력합니다. 이러한 태도 덕분에 다양한 상황에서도 원활하게 소통하고 조율할 수 있었습니다. 그러나 가끔은 지나치게 책임감을 느껴 혼자서 모든 일을 해결하려고 하는 경향이 있어, 이로 인해 스트레스를 받을 때가 있습니다. 이를 극복하기 위해 팀원들에게 도움을 요청하고 의견을 나누는 연습을 하고 있습니다. 이러한 과정은 저의 성장뿐만 아니라 팀의 성과에도 긍정적인 영향을 미치고 있습니다. 앞으로도 이러한 장점을 살리고 단점을 보완하여 더욱 발전하는 인재가 되겠습니다.",2021-08,0,0,4,2,73,109,48,96,1,476,2021-08,9,6,8,476,0.0,0.5008523
2025-04,1080667674305,1613623720855,2020-10-19,308,25,0,0,0,1,1,0,0,0,51,0,270,396,121,33301,69472,24939,25,94,36,76,77,65,0,2,0,45,0,0,1,1,1,0,0,0,0,1,1,1,0,897,89,62,34,40,92,8,84,99,79,46,54,82,36,14,0,34750,0,0,0,3970,2,1,1,81,98,0.36,48,76,89,1571,1669,1,1449,1,0,1,940,419,718,1,0,0,4,11,1,0,-1,15,-1,-1,-1,-1,-1,22,21,-1,-1,,,-1,-1,-1,-1,1,-1,-1,-1,-1,1,0,0,0,2,8,3,"대학 시절, 동아리 활동을 통해 팀워크와 문제 해결 능력을 키웠습니다. 프로젝트를 진행하며 다양한 의견을 조율하고, 각자의 강점을 살려 역할을 분담했습니다. 특히, 한 번은 중요한 발표를 앞두고 예상치 못한 기술적 문제에 직면했으나, 팀원들과의 긴밀한 협력을 통해 신속하게 해결책을 마련했습니다. 이 과정에서 책임감을 느끼며, 결과적으로 발표는 성공적으로 마무리되었습니다. 이러한 경험은 저에게 공동의 목표를 위해 협력하는 것의 중요성과 문제를 해결하는 능력을 배양하는 데 큰 도움이 되었습니다. 또한, 실패와 성공을 통해 지속적으로 성장할 수 있는 기회를 얻었습니다.",2025-04,0,0,9,2,1115,1163,31,62,1,1571,2025-04,3,7,7,1571,0.0,0.46321183
2024-06,6056040870489,8044121519377,2021-03-07,166,99,2,0,1,1,0,2,1,0,94,0,240,663,347,64276,96079,60564,94,66,80,97,7,39,2,0,0,56,1,1,0,0,1,1,1,0,0,1,1,0,1,876,60,76,43,55,204,7,77,336,36,55,29,10,100,15,1,34721,1,0,98,3292,0,0,50,97,73,0.34,15,62,83,865,160,0,817,0,1,1,722,33,42,1,0,0,7,10,1,0,-1,13,10,-1,-1,-1,-1,7,16,9,-1,234.0,131.0,-1,-1,1,-1,-1,-1,-1,-1,-1,1,0,0,0,2,8,3,"대학 시절, 동아리 활동을 통해 팀워크와 문제 해결 능력을 키웠습니다. 프로젝트를 진행하며 다양한 의견을 조율하고, 각자의 강점을 살려 역할을 분담했습니다. 특히, 한 번은 중요한 발표를 앞두고 예상치 못한 기술적 문제에 직면했으나, 팀원들과의 긴밀한 협력을 통해 신속하게 해결책을 마련했습니다. 이 과정에서 책임감을 느끼며, 결과적으로 발표는 성공적으로 마무리되었습니다. 이러한 경험은 저에게 공동의 목표를 위해 협력하는 것의 중요성과 문제를 해결하는 능력을 배양하는 데 큰 도움이 되었습니다. 또한, 실패와 성공을 통해 지속적으로 성장할 수 있는 기회를 얻었습니다.",2024-06,0,10,3,4,841,703,86,82,1,865,2024-06,6,0,0,865,0.0,0.5008523
2021-12,3879635920060,2609775123244,2021-09-07,192,23,2,1,1,1,1,2,0,0,89,0,178,444,566,54169,98758,67415,55,29,74,77,52,90,2,0,1,41,1,1,1,0,0,0,1,1,0,1,1,1,0,558,31,84,18,15,152,60,63,170,13,48,31,33,55,67,0,49361,0,0,61,3033,1,0,69,59,77,0.218,80,86,38,545,1307,0,570,1,0,0,694,1250,1464,1,0,0,8,3,1,0,-1,9,-1,-1,-1,-1,-1,16,8,-1,-1,437.0,,-1,-1,5,-1,-1,-1,-1,-1,-1,1,0,0,0,8,9,6,"저는 항상 팀워크와 문제 해결을 통해 성장하는 것을 중요하게 생각해왔습니다. 이 과정에서 다양한 경험을 쌓으며 책임감을 기르게 되었고, 이를 통해 더욱 효과적으로 목표를 달성할 수 있었습니다. 지원하게 된 이유는 귀사의 비전과 가치가 저의 신념과 일치하기 때문입니다. 특히, 협업을 통해 혁신적인 해결책을 모색하고, 지속적으로 발전하는 환경에서 제 역량을 발휘하고 싶습니다. 함께 일하며 더 나은 결과를 만들어가는 과정에 기여하고 싶습니다.",2021-12,0,10,5,4,1182,1092,68,72,1,545,2021-12,7,9,3,545,0.0,0.5008523
2021-08,7965858955205,9965171912725,2024-08-02,63,53,0,0,1,0,1,1,0,0,86,1,849,294,501,38450,67942,60325,65,8,8,34,83,25,2,2,1,18,1,0,0,0,1,0,1,0,1,1,1,0,0,376,22,44,96,62,343,11,23,259,2,0,68,87,91,62,1,34778,1,1,4,1743,0,0,43,97,42,0.338,33,60,79,1586,1036,0,934,0,0,1,826,318,1593,1,0,0,4,11,1,0,-1,16,-1,-1,-1,-1,-1,15,0,-1,-1,,,-1,-1,-1,-1,1,-1,-1,-1,-1,1,0,0,0,4,12,11,"저는 다양한 훈련과정을 통해 전문성을 쌓아온 경험이 있습니다. 특히, 팀 프로젝트에서의 역할을 통해 협업의 중요성을 몸소 느꼈고, 문제 발생 시 적극적으로 해결책을 모색하며 책임감을 가지고 임했습니다. 이러한 과정에서 성장의 기회를 얻었고, 동료들과의 소통을 통해 더 나은 결과를 도출할 수 있었습니다. 앞으로도 훈련자로서 팀원들과 함께 발전하며, 긍정적인 변화를 이끌어내는 데 기여하고자 합니다.",2021-08,0,7,1,5,536,409,14,1,1,1586,2021-08,1,8,2,1586,0.0,0.5008523
2025-08,7720682205092,2649697356088,2022-12-05,842,100,1,1,0,1,0,0,0,1,50,1,916,641,682,65902,96158,80917,14,90,43,3,52,95,0,1,1,6,1,1,1,1,0,0,1,1,2,1,0,0,0,587,49,3,85,48,208,37,56,186,86,54,3,86,9,4,1,30944,1,1,77,1460,1,1,12,27,63,0.918,1,60,100,1059,429,1,355,1,1,1,893,246,651,1,0,0,11,9,1,14,4,0,9,1,4,2,2,3,22,13,-1,1247.0,1004.0,-1,-1,6,-1,-1,-1,-1,-1,-1,1,0,0,0,5,1,5,"저는 다양한 프로젝트에서 팀원으로서의 역할을 충실히 수행하며, 문제 해결 능력을 키워왔습니다. 이전 직장에서 진행한 제품 개발 프로젝트에서는 팀과의 원활한 소통을 통해 고객의 요구사항을 정확히 반영하여 최종 결과물의 품질을 높였습니다. 이 과정에서 발생한 여러 문제를 팀원들과 협력하여 해결하며, 책임감을 갖고 업무에 임했습니다. 또한, 프로젝트 종료 후 피드백을 통해 개인의 성장뿐만 아니라 팀의 역량도 강화할 수 있었습니다. 이러한 경험들은 앞으로의 업무에서도 팀워크와 책임감을 바탕으로 더욱 발전하는 데 큰 도움이 될 것입니다.",2025-08,0,15,2,14,854,887,97,78,1,1059,2025-08,7,9,3,1059,0.0,0.46321183
2025-09,9101760495288,8286707432733,2022-10-18,629,68,2,0,1,0,1,0,0,1,81,1,201,308,912,73245,69435,13745,94,82,44,75,89,86,0,1,1,48,1,1,0,0,0,0,0,0,1,0,1,1,0,817,29,20,17,70,279,83,14,71,7,34,73,21,76,56,1,26975,0,0,11,8153,0,1,39,65,48,0.383,65,35,79,549,31,1,95,1,0,0,808,1055,949,1,0,0,8,3,1,0,-1,6,-1,-1,-1,-1,-1,6,7,-1,-1,1058.0,,-1,-1,5,-1,-1,-1,-1,-1,-1,1,0,0,0,8,9,6,"저는 항상 팀워크와 문제 해결을 통해 성장하는 것을 중요하게 생각해왔습니다. 이 과정에서 다양한 경험을 쌓으며 책임감을 기르게 되었고, 이를 통해 더욱 효과적으로 목표를 달성할 수 있었습니다. 지원하게 된 이유는 귀사의 비전과 가치가 저의 신념과 일치하기 때문입니다. 특히, 협업을 통해 혁신적인 해결책을 모색하고, 지속적으로 발전하는 환경에서 제 역량을 발휘하고 싶습니다. 함께 일하며 더 나은 결과를 만들어가는 과정에 기여하고 싶습니다.",2025-09,0,6,2,9,726,842,88,46,1,549,2025-09,7,9,3,549,0.0,0.5008523
2021-10,8876999400091,7298175464413,2020-04-18,793,57,0,0,1,1,0,2,1,1,43,1,661,464,528,72129,45062,19706,27,73,77,68,21,13,2,1,0,21,1,0,0,0,0,0,1,0,0,1,1,1,1,715,30,81,95,5,169,35,10,69,88,72,90,58,66,21,0,85930,1,0,34,3072,2,2,14,91,35,0.881,16,2,23,1000,1107,1,509,0,1,0,514,1061,124,1,0,0,9,6,1,10,6,-1,-1,-1,-1,-1,-1,-1,-1,-1,-1,,,-1,-1,0,-1,-1,-1,-1,-1,-1,1,0,0,0,0,4,0,"저는 가족과의 소중한 유대감을 통해 팀워크와 책임감의 중요성을 배웠습니다. 부모님은 항상 저에게 자신감을 주셨고, 형제자매와 함께 성장하며 서로의 문제를 함께 해결하는 법을 익혔습니다. 이러한 경험은 저의 인생에 큰 영향을 미쳤고, 협력의 가치를 깨닫게 해주었습니다. 가족은 저에게 도전과 어려움을 극복하는 힘을 주었으며, 그 과정에서 저는 더 나은 사람으로 성장할 수 있었습니다. 앞으로도 가족과의 관계를 바탕으로, 다양한 사람들과의 협업에서 긍정적인 영향을 미치며 함께 발전해 나가고 싶습니다.",2021-10,0,11,4,13,618,647,7,69,1,1000,2021-10,8,1,1,1000,0.0,0.5008523
2022-03,1760924925630,7901557868193,2022-10-01,636,38,1,1,1,0,0,1,0,1,12,1,107,164,487,12587,52326,44263,5,19,40,42,14,70,0,1,0,78,0,1,0,1,0,1,0,0,1,1,0,1,0,244,32,16,26,94,160,27,54,338,60,53,89,39,17,33,1,58371,0,0,41,8315,1,0,0,31,48,0.887,1,61,88,183,881,1,870,1,1,1,651,325,792,1,0,0,8,3,1,0,-1,9,-1,-1,-1,-1,-1,16,7,-1,-1,661.0,,-1,-1,5,-1,-1,-1,-1,-1,-1,1,0,0,0,3,11,8,"해외에서의 경험은 저에게 큰 성장의 기회를 제공했습니다. 대학 시절, 6개월간 유럽에서 어학연수를 하며 다양한 문화와 사람들을 만났고, 이 과정에서 팀워크의 중요성을 깊이 깨달았습니다. 여러 국적의 친구들과 함께 프로젝트를 진행하며 서로의 의견을 존중하고 조율하는 법을 익혔습니다. 또한, 현지에서의 일상적인 문제들을 해결하기 위해 적극적으로 나섰고, 이를 통해 책임감을 기를 수 있었습니다. 이러한 경험은 저의 문제 해결 능력을 키워주었고, 다양한 시각에서 접근할 수 있는 능력을 배양하게 했습니다. 결과적으로, 해외 경험은 저의 인생에 긍정적인 영향을 미쳤고, 앞으로의 도전에서도 큰 자산이 될 것입니다.",2022-03,0,12,9,8,1182,1009,95,55,1,183,2022-03,6,0,0,183,2.0,0.5008523
2025-09,3905225049524,5835541269706,2022-03-24,1069,47,2,0,0,0,1,0,0,0,56,0,561,688,152,13274,53756,17254,4,63,13,64,2,29,2,0,1,77,0,1,1,1,1,0,1,1,2,1,1,0,0,878,69,89,30,64,362,3,6,333,93,76,20,70,81,1,0,97640,0,1,43,3129,1,1,7,71,6,0.849,62,49,32,288,721,1,719,1,0,0,495,863,410,1,0,0,7,10,1,0,-1,1,6,-1,-1,-1,-1,7,16,16,-1,723.0,819.0,-1,-1,1,-1,-1,-1,-1,-1,-1,1,0,0,0,0,4,0,"저는 가족과의 소중한 유대감을 통해 팀워크와 책임감의 중요성을 배웠습니다. 부모님은 항상 저에게 자신감을 주셨고, 형제자매와 함께 성장하며 서로의 문제를 함께 해결하는 법을 익혔습니다. 이러한 경험은 저의 인생에 큰 영향을 미쳤고, 협력의 가치를 깨닫게 해주었습니다. 가족은 저에게 도전과 어려움을 극복하는 힘을 주었으며, 그 과정에서 저는 더 나은 사람으로 성장할 수 있었습니다. 앞으로도 가족과의 관계를 바탕으로, 다양한 사람들과의 협업에서 긍정적인 영향을 미치며 함께 발전해 나가고 싶습니다.",2025-09,0,1,6,1,409,291,5,67,1,288,2025-09,2,4,6,288,0.0,0.46321183
2021-04,8426765040781,1297097998010,2022-01-01,1062,15,2,1,1,1,0,0,1,1,52,1,320,960,269,89987,33842,63289,38,42,51,86,30,90,0,0,1,59,0,1,0,1,0,1,0,0,0,0,0,1,0,699,76,53,57,48,95,77,56,109,2,57,56,79,87,36,1,69999,0,0,3,5178,1,0,70,3,66,0.687,49,26,25,802,554,0,56,0,0,0,788,149,333,1,0,0,8,3,1,0,-1,2,-1,-1,-1,-1,-1,6,8,-1,-1,1629.0,,-1,-1,5,-1,-1,-1,-1,-1,-1,1,0,0,0,2,8,3,"대학 시절, 동아리 활동을 통해 팀워크와 문제 해결 능력을 키웠습니다. 프로젝트를 진행하며 다양한 의견을 조율하고, 각자의 강점을 살려 역할을 분담했습니다. 특히, 한 번은 중요한 발표를 앞두고 예상치 못한 기술적 문제에 직면했으나, 팀원들과의 긴밀한 협력을 통해 신속하게 해결책을 마련했습니다. 이 과정에서 책임감을 느끼며, 결과적으로 발표는 성공적으로 마무리되었습니다. 이러한 경험은 저에게 공동의 목표를 위해 협력하는 것의 중요성과 문제를 해결하는 능력을 배양하는 데 큰 도움이 되었습니다. 또한, 실패와 성공을 통해 지속적으로 성장할 수 있는 기회를 얻었습니다.",2021-04,0,13,9,11,487,412,23,84,1,802,2021-04,8,1,1,802,0.0,0.5008523
2022-11,9973593811934,7755383595394,2021-07-10,1323,86,2,0,0,0,0,0,0,1,49,0,251,144,503,23130,59109,10613,57,13,65,15,67,60,0,0,1,24,0,1,0,0,1,1,0,0,1,1,1,0,1,935,84,38,91,28,157,7,97,85,95,66,77,73,87,30,1,31316,0,0,36,1844,1,0,28,64,45,0.449,44,70,73,443,59,1,482,0,0,0,843,922,1,1,0,0,6,0,1,0,-1,16,-1,-1,-1,4,-1,1,26,11,-1,575.0,641.0,-1,-1,2,4,-1,1,5,3,2,1,0,0,0,12,2,2,"다양한 경험을 통해 문제 해결 능력과 팀워크의 중요성을 깊이 이해하게 되었습니다. 대학 시절, 여러 프로젝트에서 팀원으로 참여하며 각자의 의견을 존중하고 조율하는 과정을 통해 협력의 가치를 실감했습니다. 특히, 예기치 않은 문제에 직면했을 때는 팀원들과 함께 brainstorming을 통해 창의적인 해결책을 도출하며 성장했습니다. 또한, 책임감을 가지고 맡은 역할을 수행하며 팀의 목표 달성에 기여한 경험은 저에게 큰 자산이 되었습니다. 앞으로도 끊임없이 배우고 성장하며, 팀과 함께 더 나은 결과를 만들어가는 일에 최선을 다할 것입니다.",2022-11,0,9,2,3,414,550,56,17,1,443,2022-11,1,8,2,443,0.0,0.46321183
2022-10,1587440693287,1069057458414,2021-06-23,453,28,2,0,0,1,0,1,0,0,58,1,529,361,782,81174,59185,11415,75,71,81,84,30,100,2,2,0,70,1,0,1,0,1,0,0,1,2,0,0,0,0,880,39,87,71,12,125,15,35,112,61,72,53,35,1,79,1,22880,0,1,70,4193,0,2,3,81,5,0.322,58,21,56,626,76,0,489,0,1,1,618,27,254,1,0,0,7,10,1,0,-1,1,6,-1,-1,-1,-1,17,28,16,-1,622.0,934.0,-1,-1,1,-1,-1,-1,-1,-1,-1,1,0,0,0,4,12,11,"저는 다양한 훈련과정을 통해 전문성을 쌓아온 경험이 있습니다. 특히, 팀 프로젝트에서의 역할을 통해 협업의 중요성을 몸소 느꼈고, 문제 발생 시 적극적으로 해결책을 모색하며 책임감을 가지고 임했습니다. 이러한 과정에서 성장의 기회를 얻었고, 동료들과의 소통을 통해 더 나은 결과를 도출할 수 있었습니다. 앞으로도 훈련자로서 팀원들과 함께 발전하며, 긍정적인 변화를 이끌어내는 데 기여하고자 합니다.",2022-10,0,12,5,8,218,384,17,89,1,626,2022-10,6,0,0,626,0.0,0.46321183
2023-08,9674993893432,1403192517039,2025-09-10,1693,59,1,0,0,0,1,2,1,1,73,1,362,711,906,72931,96885,40590,29,62,0,60,97,89,0,2,0,92,1,0,0,1,0,0,1,1,1,1,1,0,1,627,43,68,35,46,258,17,65,22,13,59,1,78,37,12,1,74382,0,1,50,9041,1,0,54,87,42,0.073,60,77,98,1031,1169,0,972,1,1,0,995,447,1261,1,0,0,10,4,1,5,11,9,4,-1,-1,-1,-1,-1,-1,-1,3,3177.0,,0,0,-1,-1,-1,-1,-1,-1,-1,1,0,0,0,9,7,9,"입사 후, 저는 팀의 일원으로서 협력과 소통을 통해 시너지를 창출하고 싶습니다. 다양한 문제 해결 경험을 바탕으로, 발생하는 이슈에 대해 적극적으로 접근하며 실질적인 해결책을 제시하겠습니다. 또한, 지속적인 자기 개발을 통해 변화하는 시장에 발맞추고, 회사의 성장에 기여할 수 있는 전문가로 성장하겠습니다. 책임감을 가지고 맡은 바 업무를 수행하며, 동료들과 함께 목표를 달성하는 과정에서 신뢰를 쌓고 긍정적인 조직 문화를 만들어 나가겠습니다.",2023-08,0,11,2,13,2668,2589,55,14,1,1031,2023-08,3,7,7,1031,0.0,0.46321183
2021-10,2935451560793,6812237016581,2023-09-25,184,14,1,1,1,0,1,2,1,0,30,1,415,765,420,44212,54447,33398,23,56,2,53,18,49,2,1,0,28,1,1,0,0,1,1,0,1,1,1,0,1,0,765,28,67,98,16,185,69,28,300,12,82,9,49,2,59,0,24859,0,1,87,6446,0,1,40,32,45,0.512,90,34,65,22,948,0,595,1,0,0,595,314,370,1,0,0,7,10,1,0,-1,7,13,-1,-1,-1,-1,25,20,9,-1,611.0,289.0,-1,-1,1,-1,-1,-1,-1,-1,-1,1,0,0,0,12,2,2,"다양한 경험을 통해 문제 해결 능력과 팀워크의 중요성을 깊이 이해하게 되었습니다. 대학 시절, 여러 프로젝트에서 팀원으로 참여하며 각자의 의견을 존중하고 조율하는 과정을 통해 협력의 가치를 실감했습니다. 특히, 예기치 않은 문제에 직면했을 때는 팀원들과 함께 brainstorming을 통해 창의적인 해결책을 도출하며 성장했습니다. 또한, 책임감을 가지고 맡은 역할을 수행하며 팀의 목표 달성에 기여한 경험은 저에게 큰 자산이 되었습니다. 앞으로도 끊임없이 배우고 성장하며, 팀과 함께 더 나은 결과를 만들어가는 일에 최선을 다할 것입니다.",2021-10,0,14,7,0,1178,1162,11,37,1,22,2021-10,2,4,6,22,0.0,0.5008523
2021-12,1894816491309,4684945187071,2021-05-27,133,3,2,1,0,1,1,0,1,1,91,0,136,322,435,34249,66163,58590,82,81,36,14,1,92,0,2,1,6,0,0,0,1,0,1,1,0,0,0,0,0,0,999,67,9,35,95,202,67,92,361,92,17,18,94,97,22,1,13715,0,0,69,8920,2,2,31,30,71,0.692,97,14,51,109,997,1,494,1,1,0,741,1458,399,1,0,0,1,2,1,0,-1,-1,-1,-1,-1,-1,-1,27,3,6,-1,967.0,1240.0,-1,-1,-1,-1,0,-1,-1,-1,-1,1,0,0,0,4,12,11,"저는 다양한 훈련과정을 통해 전문성을 쌓아온 경험이 있습니다. 특히, 팀 프로젝트에서의 역할을 통해 협업의 중요성을 몸소 느꼈고, 문제 발생 시 적극적으로 해결책을 모색하며 책임감을 가지고 임했습니다. 이러한 과정에서 성장의 기회를 얻었고, 동료들과의 소통을 통해 더 나은 결과를 도출할 수 있었습니다. 앞으로도 훈련자로서 팀원들과 함께 발전하며, 긍정적인 변화를 이끌어내는 데 기여하고자 합니다.",2021-12,0,9,8,3,253,402,22,27,1,109,2021-12,5,3,4,109,0.0,0.46321183
2020-02,1543322092722,2973524363932,2023-07-09,216,73,2,0,0,1,0,2,1,1,23,1,480,677,206,89328,37626,14812,63,47,16,10,78,18,2,2,0,59,0,0,0,0,0,1,1,1,2,0,0,1,1,287,81,100,38,71,185,76,45,240,91,62,24,5,18,65,0,94651,1,0,29,2204,0,2,84,71,10,0.739,30,31,66,93,1280,1,471,0,0,1,459,588,746,1,0,0,9,6,1,11,8,-1,-1,-1,-1,-1,-1,-1,-1,-1,-1,,,-1,-1,0,-1,-1,-1,-1,-1,-1,1,0,0,0,11,0,7,"저는 항상 팀워크와 책임감을 바탕으로 가치 있는 성장을 추구해왔습니다. 문제 해결 과정에서 동료들과 협력하며 다양한 의견을 존중하고, 이를 통해 최선의 결과를 도출하는 것을 중요하게 생각합니다. 이러한 과정은 저에게 개인적인 성장뿐만 아니라, 팀 전체의 발전에도 기여할 수 있는 기회를 제공합니다. 매사에 책임을 다하며, 긍정적인 변화와 혁신을 이끌어내는 것이 제 가치관의 핵심입니다. 이를 통해 더 나은 미래를 만들어가는 데 기여하고자 합니다.",2020-02,0,13,9,11,1384,1328,89,90,1,93,2020-02,0,2,5,93,0.0,0.46321183
2025-09,3665974102927,7417118513613,2021-08-12,486,17,2,0,1,0,1,0,0,0,50,1,355,207,521,15537,60416,41690,66,80,46,11,76,39,0,2,0,6,1,1,1,1,1,1,0,1,1,1,1,1,1,227,62,50,30,79,243,94,24,73,19,29,79,68,13,41,0,16562,0,0,82,4121,0,1,20,68,9,0.444,92,91,82,35,369,1,587,0,0,0,361,13,342,1,0,0,8,3,1,0,-1,2,-1,-1,-1,-1,-1,6,8,-1,-1,696.0,,-1,-1,5,-1,-1,-1,-1,-1,-1,1,0,0,0,5,1,5,"저는 다양한 프로젝트에서 팀원으로서의 역할을 충실히 수행하며, 문제 해결 능력을 키워왔습니다. 이전 직장에서 진행한 제품 개발 프로젝트에서는 팀과의 원활한 소통을 통해 고객의 요구사항을 정확히 반영하여 최종 결과물의 품질을 높였습니다. 이 과정에서 발생한 여러 문제를 팀원들과 협력하여 해결하며, 책임감을 갖고 업무에 임했습니다. 또한, 프로젝트 종료 후 피드백을 통해 개인의 성장뿐만 아니라 팀의 역량도 강화할 수 있었습니다. 이러한 경험들은 앞으로의 업무에서도 팀워크와 책임감을 바탕으로 더욱 발전하는 데 큰 도움이 될 것입니다.",2025-09,0,13,1,11,549,727,50,74,1,35,2025-09,6,0,0,35,0.0,0.5008523
2024-05,1582488337266,3550493079571,2020-03-30,279,19,0,0,1,0,1,1,0,1,77,0,522,991,858,90212,78882,88630,10,30,51,25,5,91,1,0,1,54,0,0,1,0,0,0,1,1,0,1,1,0,1,270,97,74,19,76,205,87,58,71,97,50,52,7,91,1,0,75286,1,1,64,5348,2,0,76,34,18,0.911,39,7,58,1449,362,1,1020,0,1,0,104,926,1167,1,0,0,2,7,1,-1,-1,-1,-1,-1,-1,-1,-1,-1,-1,-1,-1,,,-1,-1,-1,-1,-1,-1,-1,-1,-1,1,0,0,0,1,10,2,"학창 시절, 다양한 활동을 통해 팀워크와 문제 해결 능력을 키웠습니다. 특히, 학급 대표로서 여러 프로젝트를 진행하며 친구들과 협력해 목표를 달성하는 기쁨을 느꼈습니다. 이러한 경험은 저에게 책임감을 심어주었고, 어려운 상황에서도 해결책을 찾는 데 집중할 수 있는 힘을 주었습니다. 또한, 동아리 활동을 통해 서로 다른 의견을 존중하고 조율하는 방법을 배우며 성장할 수 있었습니다. 이 모든 경험은 저의 인성과 능력을 발전시키는 데 큰 도움이 되었고, 앞으로의 도전에서도 이러한 배움을 바탕으로 성과를 이루고자 합니다.",2024-05,0,15,6,14,1649,1829,40,7,1,1449,2024-05,5,3,4,1449,0.0,0.5008523
2022-10,6500413597057,3970933942058,2021-06-20,6,91,0,0,0,0,0,2,1,0,2,1,673,826,244,96902,44393,56796,44,41,31,43,37,40,0,1,1,86,0,1,1,0,0,0,0,1,2,0,0,0,0,209,75,42,96,60,33,55,5,192,40,15,18,0,97,62,1,46047,0,1,66,7026,1,0,4,19,53,0.027,74,35,91,92,1226,1,1502,1,0,0,428,588,524,1,0,0,10,4,1,8,17,10,1,-1,-1,-1,-1,-1,-1,-1,2,1933.0,,1,1,-1,-1,-1,-1,-1,-1,-1,1,0,0,0,10,6,4,"저는 항상 팀워크와 문제 해결의 중요성을 강조하며 성장해왔습니다. 어린 시절, 다양한 동아리 활동을 통해 친구들과 협력하여 목표를 달성하는 경험을 쌓았습니다. 특히, 중학교 시절 학교 축제 준비를 하면서 팀원들과의 소통과 역할 분담의 중요성을 깨달았습니다. 이러한 경험은 고등학교와 대학에서도 이어졌고, 프로젝트를 수행할 때마다 책임감을 가지고 임하며 문제를 해결하는 데 집중했습니다. 그 결과, 팀이 목표를 초과 달성하는 성과를 이루었고, 이는 저의 성장에 큰 밑거름이 되었습니다. 이러한 경험을 바탕으로 앞으로도 끊임없이 배우고 성장하며, 팀과 함께 더 나은 결과를 만들어 나가고 싶습니다.",2022-10,0,15,4,14,109,7,82,3,1,92,2022-10,7,9,3,92,0.0,0.46321183
2022-04,8753667335138,1493062147669,2022-05-08,272,31,1,1,0,0,1,1,1,1,25,1,778,672,840,58317,41243,40809,100,61,49,46,21,31,2,2,0,73,1,1,1,1,1,0,0,0,1,1,0,1,1,200,41,62,34,69,280,18,45,13,0,94,50,98,71,38,0,65093,1,0,81,2363,1,1,5,87,74,0.055,64,65,4,159,335,1,326,0,0,1,749,812,1050,1,0,0,1,2,1,0,-1,-1,-1,-1,-1,-1,-1,8,5,18,-1,1773.0,1708.0,-1,-1,-1,-1,0,-1,-1,-1,-1,1,0,0,0,9,7,9,"입사 후, 저는 팀의 일원으로서 협력과 소통을 통해 시너지를 창출하고 싶습니다. 다양한 문제 해결 경험을 바탕으로, 발생하는 이슈에 대해 적극적으로 접근하며 실질적인 해결책을 제시하겠습니다. 또한, 지속적인 자기 개발을 통해 변화하는 시장에 발맞추고, 회사의 성장에 기여할 수 있는 전문가로 성장하겠습니다. 책임감을 가지고 맡은 바 업무를 수행하며, 동료들과 함께 목표를 달성하는 과정에서 신뢰를 쌓고 긍정적인 조직 문화를 만들어 나가겠습니다.",2022-04,0,2,8,6,504,523,66,63,1,159,2022-04,9,6,8,159,0.0,0.46321183
2022-11,3158228189499,3872925911240,2021-10-05,633,41,2,0,1,0,1,0,0,1,76,1,469,606,717,36679,73839,47446,54,24,94,87,93,15,2,0,0,22,1,0,1,1,1,1,0,1,1,1,0,1,0,392,84,57,9,38,88,34,56,362,4,40,87,80,45,78,1,44059,1,1,100,5213,1,0,18,48,56,0.704,41,11,71,5,1073,0,161,0,1,1,411,565,22,1,0,0,7,10,1,0,-1,7,13,-1,-1,-1,-1,17,20,5,-1,466.0,115.0,-1,-1,1,-1,-1,-1,-1,-1,-1,1,0,0,0,5,1,5,"저는 다양한 프로젝트에서 팀원으로서의 역할을 충실히 수행하며, 문제 해결 능력을 키워왔습니다. 이전 직장에서 진행한 제품 개발 프로젝트에서는 팀과의 원활한 소통을 통해 고객의 요구사항을 정확히 반영하여 최종 결과물의 품질을 높였습니다. 이 과정에서 발생한 여러 문제를 팀원들과 협력하여 해결하며, 책임감을 갖고 업무에 임했습니다. 또한, 프로젝트 종료 후 피드백을 통해 개인의 성장뿐만 아니라 팀의 역량도 강화할 수 있었습니다. 이러한 경험들은 앞으로의 업무에서도 팀워크와 책임감을 바탕으로 더욱 발전하는 데 큰 도움이 될 것입니다.",2022-11,0,13,7,11,51,117,71,70,1,5,2022-11,8,1,1,5,0.0,0.5008523
